-- phpMyAdmin SQL Dump
-- version 4.8.5
-- https://www.phpmyadmin.net/
--
-- Host: 127.0.0.1
-- Generation Time: May 20, 2019 at 03:30 PM
-- Server version: 10.1.38-MariaDB
-- PHP Version: 7.3.4

SET SQL_MODE = "NO_AUTO_VALUE_ON_ZERO";
SET AUTOCOMMIT = 0;
START TRANSACTION;
SET time_zone = "+00:00";


/*!40101 SET @OLD_CHARACTER_SET_CLIENT=@@CHARACTER_SET_CLIENT */;
/*!40101 SET @OLD_CHARACTER_SET_RESULTS=@@CHARACTER_SET_RESULTS */;
/*!40101 SET @OLD_COLLATION_CONNECTION=@@COLLATION_CONNECTION */;
/*!40101 SET NAMES utf8mb4 */;

--
-- Database: `assessment`
--

-- --------------------------------------------------------

--
-- Table structure for table `absence`
--

CREATE TABLE `absence` (
  `ab_id` int(10) NOT NULL,
  `staff` int(10) NOT NULL,
  `year_id` smallint(6) NOT NULL,
  `abt_name` tinyint(2) NOT NULL,
  `ab_num` int(11) NOT NULL,
  `abl_day` int(11) NOT NULL
) ENGINE=InnoDB DEFAULT CHARSET=utf8 COLLATE=utf8_unicode_ci;

--
-- Dumping data for table `absence`
--

INSERT INTO `absence` (`ab_id`, `staff`, `year_id`, `abt_name`, `ab_num`, `abl_day`) VALUES
(92, 6205067, 25612, 1, 1, 1),
(93, 6205067, 25612, 2, 0, 0),
(94, 6205067, 25612, 3, 0, 0),
(95, 6205067, 25612, 4, 0, 0),
(96, 6205067, 25612, 5, 0, 0),
(97, 6205067, 25612, 6, 0, 0),
(98, 6205067, 25612, 7, 0, 0),
(106, 6205118, 25612, 1, 1, 1),
(107, 6205118, 25612, 2, 0, 0),
(108, 6205118, 25612, 3, 0, 0),
(109, 6205118, 25612, 4, 0, 0),
(110, 6205118, 25612, 5, 0, 0),
(111, 6205118, 25612, 6, 0, 0),
(112, 6205118, 25612, 7, 0, 0),
(113, 62053514, 25612, 1, 1, 1),
(114, 62053514, 25612, 2, 0, 0),
(115, 62053514, 25612, 3, 0, 0),
(116, 62053514, 25612, 4, 0, 0),
(117, 62053514, 25612, 5, 0, 0),
(118, 62053514, 25612, 6, 0, 0),
(119, 62053514, 25612, 7, 0, 0),
(120, 62054116, 25612, 1, 1, 1),
(121, 62054116, 25612, 2, 0, 0),
(122, 62054116, 25612, 3, 0, 0),
(123, 62054116, 25612, 4, 0, 0),
(124, 62054116, 25612, 5, 0, 0),
(125, 62054116, 25612, 6, 0, 0),
(126, 62054116, 25612, 7, 0, 0);

-- --------------------------------------------------------

--
-- Table structure for table `absence_type`
--

CREATE TABLE `absence_type` (
  `abt_id` tinyint(2) NOT NULL,
  `abt_name` varchar(100) COLLATE utf8_unicode_ci NOT NULL
) ENGINE=InnoDB DEFAULT CHARSET=utf8 COLLATE=utf8_unicode_ci;

--
-- Dumping data for table `absence_type`
--

INSERT INTO `absence_type` (`abt_id`, `abt_name`) VALUES
(1, 'ลาป่วย'),
(2, 'ลากิจ'),
(3, 'มาสาย'),
(4, 'ลาคลอดบุตร'),
(5, 'ลาอุปสมบท'),
(6, 'ลาป่วยจำเป็นต้องรักษาตัวเป็นเวลานานคราวเดียวหรือหลายคราวรวมกัน'),
(7, 'ขาดราชการ');

-- --------------------------------------------------------

--
-- Table structure for table `academic`
--

CREATE TABLE `academic` (
  `aca_id` tinyint(2) NOT NULL,
  `aca_name` varchar(50) CHARACTER SET utf8 COLLATE utf8_unicode_ci NOT NULL
) ENGINE=InnoDB DEFAULT CHARSET=utf32 COLLATE=utf32_unicode_ci;

--
-- Dumping data for table `academic`
--

INSERT INTO `academic` (`aca_id`, `aca_name`) VALUES
(1, 'อาจารย์(อ.)'),
(2, 'ศาสตราจารย์(ศ.)'),
(3, 'รองศาสตราจารย์(รศ.)'),
(4, 'ผู้ช่วยศาสตราจารย์(ผศ.)');

-- --------------------------------------------------------

--
-- Table structure for table `aptitudes`
--

CREATE TABLE `aptitudes` (
  `atb_id` int(11) NOT NULL,
  `aca_id` tinyint(2) NOT NULL,
  `subcap_id` smallint(6) NOT NULL,
  `score` tinyint(1) NOT NULL
) ENGINE=InnoDB DEFAULT CHARSET=utf8 COLLATE=utf8_unicode_ci;

--
-- Dumping data for table `aptitudes`
--

INSERT INTO `aptitudes` (`atb_id`, `aca_id`, `subcap_id`, `score`) VALUES
(1, 1, 1, 3),
(2, 1, 2, 3),
(3, 1, 3, 3),
(4, 1, 4, 3),
(5, 1, 5, 3),
(6, 1, 6, 3),
(7, 1, 7, 3),
(8, 1, 8, 3),
(9, 1, 9, 3),
(10, 1, 10, 3),
(11, 1, 11, 0),
(12, 1, 12, 0),
(13, 1, 13, 0),
(14, 1, 14, 0),
(15, 1, 15, 0),
(16, 2, 1, 4),
(17, 2, 2, 4),
(18, 2, 3, 4),
(19, 2, 4, 4),
(20, 2, 5, 4),
(21, 2, 6, 4),
(22, 2, 7, 4),
(23, 2, 8, 4),
(24, 2, 9, 4),
(25, 2, 10, 4),
(26, 2, 11, 0),
(27, 2, 12, 0),
(28, 2, 13, 0),
(29, 2, 14, 0),
(30, 2, 15, 0),
(32, 3, 1, 4),
(33, 3, 2, 4),
(34, 3, 3, 4),
(35, 3, 4, 4),
(36, 3, 5, 4),
(37, 3, 6, 4),
(38, 3, 7, 4),
(39, 3, 8, 4),
(40, 3, 9, 4),
(41, 3, 10, 4),
(42, 3, 11, 0),
(43, 3, 12, 0),
(44, 3, 13, 0),
(45, 3, 14, 0),
(46, 3, 15, 0),
(47, 4, 1, 3),
(48, 4, 2, 3),
(49, 4, 3, 3),
(50, 4, 4, 3),
(51, 4, 5, 3),
(52, 4, 6, 3),
(53, 4, 7, 3),
(54, 4, 8, 3),
(55, 4, 9, 3),
(56, 4, 10, 3),
(57, 4, 11, 3),
(58, 4, 12, 3),
(59, 4, 13, 3),
(60, 4, 14, 3),
(61, 4, 15, 3);

-- --------------------------------------------------------

--
-- Table structure for table `asessment_t1`
--

CREATE TABLE `asessment_t1` (
  `asst1_id` int(10) NOT NULL,
  `ass_id` char(11) COLLATE utf8_unicode_ci NOT NULL,
  `title_name` tinyint(2) NOT NULL,
  `goal` tinyint(1) NOT NULL,
  `score` float(7,2) NOT NULL,
  `weight` float(7,2) NOT NULL,
  `weighted` float(7,2) NOT NULL
) ENGINE=InnoDB DEFAULT CHARSET=utf8 COLLATE=utf8_unicode_ci;

--
-- Dumping data for table `asessment_t1`
--

INSERT INTO `asessment_t1` (`asst1_id`, `ass_id`, `title_name`, `goal`, `score`, `weight`, `weighted`) VALUES
(221, 'TOR62253067', 1, 5, 5.00, 60.00, 3.00),
(222, 'TOR62253067', 2, 4, 4.00, 0.00, 0.00),
(223, 'TOR62253067', 3, 3, 3.00, 10.00, 0.30),
(224, 'TOR62253067', 4, 4, 4.00, 10.00, 0.40),
(225, 'TOR62253067', 5, 5, 5.00, 20.00, 1.00),
(226, 'TOR62201118', 1, 3, 3.00, 40.00, 1.20),
(227, 'TOR62201118', 2, 3, 3.00, 20.00, 0.60),
(228, 'TOR62201118', 3, 3, 3.00, 10.00, 0.30),
(229, 'TOR62201118', 4, 3, 3.00, 10.00, 0.30),
(230, 'TOR62201118', 5, 4, 4.00, 20.00, 0.80),
(231, 'TOR62206149', 1, 4, 4.00, 60.00, 2.40),
(232, 'TOR62206149', 2, 4, 4.00, 0.00, 0.00),
(233, 'TOR62206149', 3, 3, 3.00, 10.00, 0.30),
(234, 'TOR62206149', 4, 3, 3.00, 10.00, 0.30),
(235, 'TOR62206149', 5, 3, 3.00, 20.00, 0.60),
(236, 'TOR62232071', 1, 3, 3.00, 50.00, 1.50),
(237, 'TOR62232071', 2, 2, 2.00, 10.00, 0.20),
(238, 'TOR62232071', 3, 3, 3.00, 10.00, 0.30),
(239, 'TOR62232071', 4, 4, 4.00, 10.00, 0.40),
(240, 'TOR62232071', 5, 2, 2.00, 20.00, 0.40);

-- --------------------------------------------------------

--
-- Table structure for table `asessment_t2`
--

CREATE TABLE `asessment_t2` (
  `asst2_id` int(11) NOT NULL,
  `ass_id` char(11) COLLATE utf8_unicode_ci NOT NULL,
  `subcap_id` smallint(6) NOT NULL,
  `goal` tinyint(2) NOT NULL,
  `score` tinyint(2) NOT NULL
) ENGINE=InnoDB DEFAULT CHARSET=utf8 COLLATE=utf8_unicode_ci;

--
-- Dumping data for table `asessment_t2`
--

INSERT INTO `asessment_t2` (`asst2_id`, `ass_id`, `subcap_id`, `goal`, `score`) VALUES
(787, 'PRE62253067', 1, 3, 0),
(788, 'PRE62253067', 2, 3, 0),
(789, 'PRE62253067', 3, 3, 0),
(790, 'PRE62253067', 4, 3, 0),
(791, 'PRE62253067', 5, 3, 0),
(792, 'PRE62253067', 6, 3, 0),
(793, 'PRE62253067', 7, 3, 0),
(794, 'PRE62253067', 8, 3, 0),
(795, 'PRE62253067', 9, 3, 0),
(796, 'PRE62253067', 10, 3, 0),
(797, 'TOR62253067', 1, 3, 3),
(798, 'TOR62253067', 2, 3, 3),
(799, 'TOR62253067', 3, 3, 2),
(800, 'TOR62253067', 4, 3, 3),
(801, 'TOR62253067', 5, 3, 2),
(802, 'TOR62253067', 6, 3, 3),
(803, 'TOR62253067', 7, 3, 3),
(804, 'TOR62253067', 8, 3, 2),
(805, 'TOR62253067', 9, 3, 3),
(806, 'TOR62253067', 10, 3, 3),
(807, 'PRE62201118', 1, 4, 0),
(808, 'PRE62201118', 2, 4, 0),
(809, 'PRE62201118', 3, 4, 0),
(810, 'PRE62201118', 4, 4, 0),
(811, 'PRE62201118', 5, 4, 0),
(812, 'PRE62201118', 6, 4, 0),
(813, 'PRE62201118', 7, 4, 0),
(814, 'PRE62201118', 8, 4, 0),
(815, 'PRE62201118', 9, 4, 0),
(816, 'PRE62201118', 10, 4, 0),
(817, 'TOR62201118', 1, 4, 3),
(818, 'TOR62201118', 2, 4, 3),
(819, 'TOR62201118', 3, 4, 3),
(820, 'TOR62201118', 4, 4, 4),
(821, 'TOR62201118', 5, 4, 4),
(822, 'TOR62201118', 6, 4, 3),
(823, 'TOR62201118', 7, 4, 4),
(824, 'TOR62201118', 8, 4, 4),
(825, 'TOR62201118', 9, 4, 4),
(826, 'TOR62201118', 10, 4, 3),
(827, 'PRE62206149', 1, 3, 0),
(828, 'PRE62206149', 2, 3, 0),
(829, 'PRE62206149', 3, 3, 0),
(830, 'PRE62206149', 4, 3, 0),
(831, 'PRE62206149', 5, 3, 0),
(832, 'PRE62206149', 6, 3, 0),
(833, 'PRE62206149', 7, 3, 0),
(834, 'PRE62206149', 8, 3, 0),
(835, 'PRE62206149', 9, 3, 0),
(836, 'PRE62206149', 10, 3, 0),
(837, 'TOR62206149', 1, 3, 3),
(838, 'TOR62206149', 2, 3, 2),
(839, 'TOR62206149', 3, 3, 1),
(840, 'TOR62206149', 4, 3, 3),
(841, 'TOR62206149', 5, 3, 3),
(842, 'TOR62206149', 6, 3, 2),
(843, 'TOR62206149', 7, 3, 2),
(844, 'TOR62206149', 8, 3, 3),
(845, 'TOR62206149', 9, 3, 3),
(846, 'TOR62206149', 10, 3, 3),
(847, 'PRE62232071', 1, 4, 0),
(848, 'PRE62232071', 2, 4, 0),
(849, 'PRE62232071', 3, 4, 0),
(850, 'PRE62232071', 4, 4, 0),
(851, 'PRE62232071', 5, 4, 0),
(852, 'PRE62232071', 6, 4, 0),
(853, 'PRE62232071', 7, 4, 0),
(854, 'PRE62232071', 8, 4, 0),
(855, 'PRE62232071', 9, 4, 0),
(856, 'PRE62232071', 10, 4, 0),
(857, 'TOR62232071', 1, 4, 4),
(858, 'TOR62232071', 2, 4, 4),
(859, 'TOR62232071', 3, 4, 3),
(860, 'TOR62232071', 4, 4, 3),
(861, 'TOR62232071', 5, 4, 3),
(862, 'TOR62232071', 6, 4, 3),
(863, 'TOR62232071', 7, 4, 3),
(864, 'TOR62232071', 8, 4, 3),
(865, 'TOR62232071', 9, 4, 3),
(866, 'TOR62232071', 10, 4, 3);

-- --------------------------------------------------------

--
-- Table structure for table `asessment_t3`
--

CREATE TABLE `asessment_t3` (
  `asst3_id` int(10) NOT NULL,
  `ass_id` char(11) COLLATE utf8_unicode_ci NOT NULL,
  `name` varchar(255) COLLATE utf8_unicode_ci NOT NULL,
  `score` float(7,2) NOT NULL,
  `weignt` decimal(7,2) NOT NULL,
  `sum` decimal(7,2) NOT NULL
) ENGINE=InnoDB DEFAULT CHARSET=utf8 COLLATE=utf8_unicode_ci;

--
-- Dumping data for table `asessment_t3`
--

INSERT INTO `asessment_t3` (`asst3_id`, `ass_id`, `name`, `score`, `weignt`, `sum`) VALUES
(121, 'TOR62253067', '1', 0.94, '70.00', '65.80'),
(122, 'TOR62253067', '2', 0.90, '30.00', '27.00'),
(123, 'TOR62253067', '3', 0.00, '0.00', '0.00'),
(124, 'TOR62201118', '1', 0.64, '70.00', '44.80'),
(125, 'TOR62201118', '2', 0.83, '30.00', '24.90'),
(126, 'TOR62201118', '3', 0.00, '0.00', '0.00'),
(127, 'TOR62206149', '1', 0.72, '70.00', '50.40'),
(128, 'TOR62206149', '2', 0.83, '30.00', '24.90'),
(129, 'TOR62206149', '3', 0.00, '0.00', '0.00'),
(130, 'TOR62232071', '1', 0.56, '70.00', '39.20'),
(131, 'TOR62232071', '2', 0.73, '30.00', '21.90'),
(132, 'TOR62232071', '3', 0.00, '0.00', '0.00');

-- --------------------------------------------------------

--
-- Table structure for table `asessment_t4`
--

CREATE TABLE `asessment_t4` (
  `asst4_id` int(10) NOT NULL,
  `ass_id` char(11) CHARACTER SET utf8 COLLATE utf8_unicode_ci NOT NULL,
  `knowledge` varchar(255) CHARACTER SET utf8 COLLATE utf8_unicode_ci NOT NULL,
  `develop` varchar(255) CHARACTER SET utf8 COLLATE utf8_unicode_ci NOT NULL,
  `longtime` varchar(255) CHARACTER SET utf16 COLLATE utf16_unicode_ci NOT NULL
) ENGINE=InnoDB DEFAULT CHARSET=latin1;

--
-- Dumping data for table `asessment_t4`
--

INSERT INTO `asessment_t4` (`asst4_id`, `ass_id`, `knowledge`, `develop`, `longtime`) VALUES
(41, 'TOR62253067', '-', '-', '-'),
(42, 'TOR62201118', '-', '-', '-'),
(43, 'TOR62206149', '-', '-', '-'),
(44, 'TOR62232071', '-', '-', '-');

-- --------------------------------------------------------

--
-- Table structure for table `asessment_t5`
--

CREATE TABLE `asessment_t5` (
  `asst5_id` int(10) NOT NULL,
  `ass_id` char(11) CHARACTER SET utf8 COLLATE utf8_unicode_ci NOT NULL,
  `accept` tinyint(1) NOT NULL,
  `inform` tinyint(1) NOT NULL,
  `date_accept` date NOT NULL,
  `date_inform` date NOT NULL,
  `date` timestamp NOT NULL DEFAULT CURRENT_TIMESTAMP
) ENGINE=InnoDB DEFAULT CHARSET=latin1;

--
-- Dumping data for table `asessment_t5`
--

INSERT INTO `asessment_t5` (`asst5_id`, `ass_id`, `accept`, `inform`, `date_accept`, `date_inform`, `date`) VALUES
(40, 'TOR62253067', 1, 1, '2019-05-20', '2019-05-20', '2019-05-20 04:56:00'),
(41, 'TOR62201118', 1, 1, '2019-05-20', '2019-05-20', '2019-05-20 05:03:11'),
(42, 'TOR62206149', 1, 1, '2019-05-20', '2019-05-20', '2019-05-20 05:09:44'),
(43, 'TOR62232071', 0, 0, '0000-00-00', '2019-05-20', '2019-05-20 06:33:23');

-- --------------------------------------------------------

--
-- Table structure for table `asessment_t6`
--

CREATE TABLE `asessment_t6` (
  `ass6_id` int(10) NOT NULL,
  `ass_id` char(11) COLLATE utf8_unicode_ci NOT NULL,
  `leader_comt` tinyint(1) NOT NULL,
  `leader_comt_disc` text COLLATE utf8_unicode_ci NOT NULL,
  `leader_compt_date` date NOT NULL,
  `supervisor_comt` tinyint(1) NOT NULL,
  `supervisor_comtdisc` text COLLATE utf8_unicode_ci NOT NULL,
  `supervisor_comt_date` date NOT NULL
) ENGINE=InnoDB DEFAULT CHARSET=utf8 COLLATE=utf8_unicode_ci;

--
-- Dumping data for table `asessment_t6`
--

INSERT INTO `asessment_t6` (`ass6_id`, `ass_id`, `leader_comt`, `leader_comt_disc`, `leader_compt_date`, `supervisor_comt`, `supervisor_comtdisc`, `supervisor_comt_date`) VALUES
(41, 'TOR62253067', 1, '', '2019-05-20', 1, ' ', '2019-05-20'),
(42, 'TOR62201118', 1, '', '2019-05-20', 0, '', '0000-00-00'),
(43, 'TOR62206149', 0, '', '0000-00-00', 0, '', '0000-00-00'),
(44, 'TOR62232071', 0, '', '0000-00-00', 0, '', '0000-00-00');

-- --------------------------------------------------------

--
-- Table structure for table `assessments`
--

CREATE TABLE `assessments` (
  `ass_id` char(11) COLLATE utf8_unicode_ci NOT NULL,
  `staff` int(10) NOT NULL,
  `year_id` smallint(6) NOT NULL,
  `leader` int(10) NOT NULL,
  `hleader` int(10) NOT NULL,
  `sleader` int(10) NOT NULL,
  `sumwork` varchar(100) COLLATE utf8_unicode_ci NOT NULL,
  `punishment` text COLLATE utf8_unicode_ci NOT NULL
) ENGINE=InnoDB DEFAULT CHARSET=utf8 COLLATE=utf8_unicode_ci;

--
-- Dumping data for table `assessments`
--

INSERT INTO `assessments` (`ass_id`, `staff`, `year_id`, `leader`, `hleader`, `sleader`, `sumwork`, `punishment`) VALUES
('PRE62201118', 6205118, 25612, 6205149, 6205180, 0, '3 ปี 4 เดือน 14 วัน', 'ไม่มี'),
('PRE62206149', 6205149, 25612, 6205180, 0, 0, '4 ปี 10 เดือน 14 วัน', 'ไม่มี'),
('PRE62232071', 62050713, 25612, 6205149, 6205180, 0, '9 ปี 4 เดือน 18 วัน', 'ไม่มี'),
('PRE62253067', 6205067, 25612, 6205118, 6205149, 6205180, '4 ปี 1 เดือน 18 วัน', 'ไม่มี'),
('TOR62201118', 6205118, 25612, 6205149, 6205180, 0, '3 ปี 4 เดือน 14 วัน', 'ไม่มี'),
('TOR62206149', 6205149, 25612, 6205180, 0, 0, '4 ปี 10 เดือน 14 วัน', 'ไม่มี'),
('TOR62232071', 62050713, 25612, 6205149, 6205180, 0, '9 ปี 4 เดือน 18 วัน', 'ไม่มี'),
('TOR62253067', 6205067, 25612, 6205118, 6205149, 6205180, '4 ปี 1 เดือน 18 วัน', 'ไม่มี');

-- --------------------------------------------------------

--
-- Table structure for table `assessment_t2_skill`
--

CREATE TABLE `assessment_t2_skill` (
  `asst2_skid` int(10) NOT NULL,
  `ass_id` char(11) COLLATE utf8_unicode_ci NOT NULL,
  `score_skil` int(2) NOT NULL,
  `score_x` int(2) NOT NULL,
  `score` double(7,2) NOT NULL
) ENGINE=InnoDB DEFAULT CHARSET=utf8 COLLATE=utf8_unicode_ci;

--
-- Dumping data for table `assessment_t2_skill`
--

INSERT INTO `assessment_t2_skill` (`asst2_skid`, `ass_id`, `score_skil`, `score_x`, `score`) VALUES
(305, 'PRE62253067', 0, 3, 0.00),
(306, 'PRE62253067', 0, 2, 0.00),
(307, 'PRE62253067', 0, 1, 0.00),
(308, 'PRE62253067', 0, 0, 0.00),
(309, 'TOR62253067', 7, 3, 21.00),
(310, 'TOR62253067', 3, 2, 6.00),
(311, 'TOR62253067', 0, 1, 0.00),
(312, 'TOR62253067', 0, 0, 0.00),
(313, 'PRE62201118', 0, 3, 0.00),
(314, 'PRE62201118', 0, 2, 0.00),
(315, 'PRE62201118', 0, 1, 0.00),
(316, 'PRE62201118', 0, 0, 0.00),
(317, 'TOR62201118', 5, 3, 15.00),
(318, 'TOR62201118', 5, 2, 10.00),
(319, 'TOR62201118', 0, 1, 0.00),
(320, 'TOR62201118', 0, 0, 0.00),
(321, 'PRE62206149', 0, 3, 0.00),
(322, 'PRE62206149', 0, 2, 0.00),
(323, 'PRE62206149', 0, 1, 0.00),
(324, 'PRE62206149', 0, 0, 0.00),
(325, 'TOR62206149', 6, 3, 18.00),
(326, 'TOR62206149', 3, 2, 6.00),
(327, 'TOR62206149', 1, 1, 1.00),
(328, 'TOR62206149', 0, 0, 0.00),
(329, 'PRE62232071', 0, 3, 0.00),
(330, 'PRE62232071', 0, 2, 0.00),
(331, 'PRE62232071', 0, 1, 0.00),
(332, 'PRE62232071', 0, 0, 0.00),
(333, 'TOR62232071', 2, 3, 6.00),
(334, 'TOR62232071', 8, 2, 16.00),
(335, 'TOR62232071', 0, 1, 0.00),
(336, 'TOR62232071', 0, 0, 0.00);

-- --------------------------------------------------------

--
-- Table structure for table `branchs`
--

CREATE TABLE `branchs` (
  `br_id` tinyint(2) NOT NULL,
  `br_name` varchar(100) COLLATE utf8_unicode_ci NOT NULL,
  `dept_id` tinyint(2) NOT NULL
) ENGINE=InnoDB DEFAULT CHARSET=utf8 COLLATE=utf8_unicode_ci;

--
-- Dumping data for table `branchs`
--

INSERT INTO `branchs` (`br_id`, `br_name`, `dept_id`) VALUES
(1, 'ภาษาอังกฤษธุรกิจ', 1),
(2, 'การจัดการ', 1),
(3, 'ระบบสารสนเทศทางคอมพิวเตอร์', 1),
(4, 'การตลาด', 1),
(5, 'การธุรกิจระหว่างประเทศ (IBM)', 1),
(6, 'บริหารธุรกิจมหาบัณฑิต(MBA)', 1),
(7, 'ระบบสารสนเทศทางธุรกิจ', 1),
(8, 'การธุรกิจค้าปลีกสมัยใหม่', 1),
(9, 'การบัญชี', 3),
(10, 'การท่องเที่ยวและการโรงแรม', 2),
(11, 'ภาษาอังกฤษเพื่อการสื่อสารสากล', 2),
(12, 'วิชาภาษาและสื่อสาร', 2),
(13, 'การตลาดใหม่', 1);

-- --------------------------------------------------------

--
-- Table structure for table `capacity`
--

CREATE TABLE `capacity` (
  `cap_id` tinyint(1) NOT NULL,
  `cap_name` varchar(255) COLLATE utf8_unicode_ci NOT NULL
) ENGINE=InnoDB DEFAULT CHARSET=utf8 COLLATE=utf8_unicode_ci;

--
-- Dumping data for table `capacity`
--

INSERT INTO `capacity` (`cap_id`, `cap_name`) VALUES
(1, 'สมรรถนะหลัก(ที่สภามหาวิทยาลัยกำหนด)\r\n'),
(2, 'สมรรถนะเฉพาะตามลักษณะงานที่ปฏิบัติ(ที่สภามหาวิทยาลัยกำหนด)\r\n'),
(3, 'สมรรถนะทางการบริหาร(ที่สภามหาวิทยาลัยกำหนด)\r\n');

-- --------------------------------------------------------

--
-- Table structure for table `chk_absence`
--

CREATE TABLE `chk_absence` (
  `chk_id` int(11) NOT NULL,
  `chk` tinyint(1) NOT NULL,
  `name` varchar(255) COLLATE utf8_unicode_ci NOT NULL,
  `date` timestamp NOT NULL DEFAULT CURRENT_TIMESTAMP ON UPDATE CURRENT_TIMESTAMP,
  `staff_id` int(10) NOT NULL,
  `year_id` smallint(6) NOT NULL
) ENGINE=InnoDB DEFAULT CHARSET=utf8 COLLATE=utf8_unicode_ci;

--
-- Dumping data for table `chk_absence`
--

INSERT INTO `chk_absence` (`chk_id`, `chk`, `name`, `date`, `staff_id`, `year_id`) VALUES
(4, 1, 'สมชาย กิติรัตนา', '2019-05-20 12:00:04', 6205067, 25612),
(5, 1, ' สมชาย กิติรัตนา', '2019-05-20 11:39:53', 6205118, 25612),
(6, 1, 'สมชาย กิติรัตนา', '2019-05-20 12:27:36', 62053514, 25612),
(7, 0, ' อรทัย สัมบัติดี', '2019-05-20 13:16:30', 62054116, 25612);

-- --------------------------------------------------------

--
-- Table structure for table `conditions`
--

CREATE TABLE `conditions` (
  `con_id` int(10) NOT NULL,
  `aca_id` tinyint(2) NOT NULL,
  `e_name` tinyint(2) NOT NULL,
  `con_level` varchar(30) COLLATE utf8_unicode_ci NOT NULL,
  `con_con` text COLLATE utf8_unicode_ci NOT NULL,
  `con_ex` text COLLATE utf8_unicode_ci NOT NULL
) ENGINE=InnoDB DEFAULT CHARSET=utf8 COLLATE=utf8_unicode_ci;

--
-- Dumping data for table `conditions`
--

INSERT INTO `conditions` (`con_id`, `aca_id`, `e_name`, `con_level`, `con_con`, `con_ex`) VALUES
(1, 1, 1, '๑', 'มีภาระงานน้อยกว่า ๑๖ชั่วโมงทำงาน/สัปดาห์', 'ระดับที่ ๑ มีภาระงานน้อยกว่า ๑๖ชั่วโมงทำงาน/สัปดาห์'),
(2, 1, 1, '๒', 'มีภาระงานอยู่ระหว่าง ๑๖.๐๐ –๑๗.๙๙ ชั่วโมงทำงาน/สัปดาห์', 'ระดับที่ ๒ มีภาระงานอยู่ระหว่าง ๑๖.๐๐ –๑๗.๙๙ ชั่วโมงทำงาน/สัปดาห์'),
(3, 1, 1, '๓ ', 'มีภาระงานใกล้เคียงเกณฑ์ภาระงานขั้นต่ำ (ระหว่าง ๑๘.๐๐ –๒๒.๐๐ ชั่วโมงทำงาน/สัปดาห์) และมีแผนการสอนตาม มคอ.๓', 'ระดับที่ ๓ มีภาระงานใกล้เคียงเกณฑ์ภาระงานขั้นต่ำ (ระหว่าง ๑๘.๐๐ –๒๒.๐๐ ชั่วโมงทำงาน/สัปดาห์) และมีแผนการสอนตาม มคอ.๓'),
(4, 1, 1, '๔', 'มีภาระงานระหว่าง ๒๒.๐๑-๒๔.๐๐ ชั่วโมงทำงาน/สัปดาห์มีแผนการสอนตาม มคอ.๓ และ มีเอกสารประกอบการสอน/เอกสารคำสอน/ตำรา/สื่อการสอน/อุปกรณ์การสอน ทุกวิชาที่สอน หรือ  มีภาระงานระหว่าง ๒๒.๐๑-๒๔.๐๐ ชั่วโมงทำงาน/สัปดาห์ มีแผนการสอนตาม มคอ.๓และมีงานวิจัย', 'ระดับที่ ๔ มีภาระงานระหว่าง ๒๒.๐๑-๒๔.๐๐ ชั่วโมงทำงาน/สัปดาห์มีแผนการสอนตาม มคอ.๓ และ มีเอกสารประกอบการสอน/เอกสารคำสอน/ตำรา/สื่อการสอน/อุปกรณ์การสอน ทุกวิชาที่สอน หรือ  มีภาระงานระหว่าง ๒๒.๐๑-๒๔.๐๐ ชั่วโมงทำงาน/สัปดาห์ มีแผนการสอนตาม มคอ.๓และมีงานวิจัย '),
(5, 1, 1, '๕', 'มีภาระงานมากกว่า ๒๔.๐๐ชั่วโมงทำงาน/สัปดาห์  มีแผนการสอนตาม มคอ.๓ มีการนำผลการประเมินไปปรับปรุง มีเอกสารประกอบการสอน/เอกสารคำสอน/ตำรา/สื่อการสอน/อุปกรณ์การสอน ทุกวิชาที่สอน และมีงานวิจัย', 'ระดับที่ ๕ มีภาระงานมากกว่า ๒๔.๐๐ชั่วโมงทำงาน/สัปดาห์  มีแผนการสอนตาม มคอ.๓ มีการนำผลการประเมินไปปรับปรุง มีเอกสารประกอบการสอน/เอกสารคำสอน/ตำรา/สื่อการสอน/อุปกรณ์การสอน ทุกวิชาที่สอน และมีงานวิจัย'),
(6, 1, 2, '๑', 'มีภาระงานน้อยกว่า ๑๖ชั่วโมงทำงาน/สัปดาห์', 'ระดับที่ ๑ มีภาระงานน้อยกว่า ๑๖ชั่วโมงทำงาน/สัปดาห์'),
(7, 1, 2, '๒', 'มีภาระงานอยู่ระหว่าง ๑๖.๐๐ –๑๗.๙๙ ชั่วโมงทำงาน/สัปดาห์', 'ระดับที่ ๒ มีภาระงานอยู่ระหว่าง ๑๖.๐๐ –๑๗.๙๙ ชั่วโมงทำงาน/สัปดาห์'),
(8, 1, 2, ' ๓', 'มีภาระงานใกล้เคียงเกณฑ์ภาระงานขั้นต่ำ (ระหว่าง ๑๘.๐๐ –๒๒.๐๐ ชั่วโมงทำงาน/สัปดาห์) และมีแผนการสอนตาม มคอ.๓', 'ระดับที่ ๓ มีภาระงานใกล้เคียงเกณฑ์ภาระงานขั้นต่ำ (ระหว่าง ๑๘.๐๐ –๒๒.๐๐ ชั่วโมงทำงาน/สัปดาห์) และมีแผนการสอนตาม มคอ.๓'),
(9, 1, 2, '๔ ', 'มีภาระงานระหว่าง ๒๒.๐๑-๒๔.๐๐ ชั่วโมงทำงาน/สัปดาห์มีแผนการสอนตาม มคอ.๓ และ มีเอกสารประกอบการสอน/เอกสารคำสอน/ตำรา/สื่อการสอน/อุปกรณ์การสอน ทุกวิชาที่สอน หรือ  มีภาระงานระหว่าง ๒๒.๐๑-๒๔.๐๐ ชั่วโมงทำงาน/สัปดาห์ มีแผนการสอนตาม มคอ.๓และมีงานวิจัย', 'ระดับที่ ๔ มีภาระงานระหว่าง ๒๒.๐๑-๒๔.๐๐ ชั่วโมงทำงาน/สัปดาห์มีแผนการสอนตาม มคอ.๓ และ มีเอกสารประกอบการสอน/เอกสารคำสอน/ตำรา/สื่อการสอน/อุปกรณ์การสอน ทุกวิชาที่สอน หรือ  มีภาระงานระหว่าง ๒๒.๐๑-๒๔.๐๐ ชั่วโมงทำงาน/สัปดาห์ มีแผนการสอนตาม มคอ.๓และมีงานวิจัย '),
(10, 1, 2, '๕ ', 'มีภาระงานมากกว่า ๒๔.๐๐ชั่วโมงทำงาน/สัปดาห์  มีแผนการสอนตาม มคอ.๓ มีการนำผลการประเมินไปปรับปรุง มีเอกสารประกอบการสอน/เอกสารคำสอน/ตำรา/สื่อการสอน/อุปกรณ์การสอน ทุกวิชาที่สอน และมีงานวิจัย', 'ระดับที่ ๕ มีภาระงานมากกว่า ๒๔.๐๐ชั่วโมงทำงาน/สัปดาห์  มีแผนการสอนตาม มคอ.๓ มีการนำผลการประเมินไปปรับปรุง มีเอกสารประกอบการสอน/เอกสารคำสอน/ตำรา/สื่อการสอน/อุปกรณ์การสอน ทุกวิชาที่สอน และมีงานวิจัย'),
(11, 1, 3, '๑', 'มีภาระงานต่ำกว่า๓.๒๐ ชั่วโมงทำงาน/สัปดาห์หรือ เป็นวิทยากรบรรยายพิเศษใน/นอกมหาวิทยาลัย ๑ ครั้งต่อรอบประเมิน หรือร่วมจัดประชุม สัมมนาฝึกอบรมและจัดนิทรรศการ แก่หน่วยงานภายนอก ๑ ครั้งต่อรอบประเมิน', 'ระดับที่ ๑. มีภาระงานต่ำกว่า๓.๒๐ ชั่วโมงทำงาน/สัปดาห์หรือ เป็นวิทยากรบรรยายพิเศษใน/นอกมหาวิทยาลัย ๑ ครั้งต่อรอบประเมิน หรือร่วมจัดประชุม สัมมนาฝึกอบรมและจัดนิทรรศการ แก่หน่วยงานภายนอก ๑ ครั้งต่อรอบประเมิน'),
(12, 1, 3, '๒ ', 'มีภาระงานระหว่าง ๓.๒๐ – ๓.๕๙ ชั่วโมงทำงาน/สัปดาห์หรือ จัดกิจกรรมตามประกาศ ๙.๑-๙.๓   ๒ ครั้ง ต่อรอบประเมิน หรือ เป็นที่ปรึกษาร่วมโครงการพิเศษนักศึกษา ๑ เรื่อง', 'ระดับที่ ๒ มีภาระงานระหว่าง ๓.๒๐ – ๓.๕๙ ชั่วโมงทำงาน/สัปดาห์หรือ จัดกิจกรรมตามประกาศ ๙.๑-๙.๓   ๒ ครั้ง ต่อรอบประเมิน หรือ เป็นที่ปรึกษาร่วมโครงการพิเศษนักศึกษา ๑ เรื่อง'),
(13, 1, 3, '๓ ', 'ปฎิบัติงานใกล้เคียงกับภาระงานขั้นต่ำ (ระหว่าง ๓.๖๐ -๔.๔๐ ชั่วโมงทำงาน/สัปดาห์)\r\nหรือ  มีภาระงานตามประกาศ ข้อ ๙.๑-๙.๓ หน้า ๑๑  ใด ๆ ก็ได้ ๓ เรื่อง หรือ มีภาระงานกิจกรรมใด ๆ ข้อ ก็ได้ ข้อ๙.๑-๙.๓ จำนวน ๒ เรื่อง และเป็นที่ปรึกษาร่วมโครงการวิจัยนักศึกษา ๑ เรื่อง', 'ระดับที่ ๓ ปฎิบัติงานใกล้เคียงกับภาระงานขั้นต่ำ (ระหว่าง ๓.๖๐ -๔.๔๐ ชั่วโมงทำงาน/สัปดาห์)\r\nหรือ  มีภาระงานตามประกาศ ข้อ ๙.๑-๙.๓ หน้า ๑๑  ใด ๆ ก็ได้ ๓ เรื่อง หรือ มีภาระงานกิจกรรมใด ๆ ข้อ ก็ได้ ข้อ๙.๑-๙.๓ จำนวน ๒ เรื่อง และเป็นที่ปรึกษาร่วมโครงการวิจัยนักศึกษา ๑ เรื่อง\r\n'),
(14, 1, 3, '๔ ', ' มีภาระงานระหว่าง ๔.๔๑ – ๔.๘๐ชั่วโมงทำงาน/สัปดาห์หรือมีภาระงานตามประกาศ ข้อ ๙.๑-๙.๓ หน้า ๑๑ ใด ๆ ก็ได้ ๔ เรื่อง หรือ มีภาระงานกิจกรรมใด ๆ ข้อ ก็ได้ ข้อ ๙.๑-๙.๓ จำนวน๓ เรื่อง และเป็นที่ปรึกษาโครงการวิจัยนักศึกษา ๑ เรื่อง', 'ระดับที่ ๔ มีภาระงานระหว่าง ๔.๔๑ – ๔.๘๐ชั่วโมงทำงาน/สัปดาห์หรือมีภาระงานตามประกาศ ข้อ ๙.๑-๙.๓ หน้า ๑๑ ใด ๆ ก็ได้ ๔ เรื่อง หรือ มีภาระงานกิจกรรมใด ๆ ข้อ ก็ได้ ข้อ ๙.๑-๙.๓ จำนวน๓ เรื่อง และเป็นที่ปรึกษาโครงการวิจัยนักศึกษา ๑ เรื่อง'),
(15, 1, 3, '๕  ', 'มีภาระงานมากกว่า ๔.๘๐ ชั่วโมงทำงาน/สัปดาห์ หรือ  มีภาระงานตามประกาศ ข้อ ๙.๑-๙.๓ หน้า ๑๑ใด ๆ ก็ได้๔ เรื่อง และสามารถหารายได้จากงานภายนอก มากกว่า ๑๐,๐๐๐ บาทหรือ มีภาระงานกิจกรรมใด ๆ ข้อ ก็ได้ ข้อ ๙.๑-๙.๓ จำนวน ๓ เรื่อง และเป็นที่ปรึกษาโครงการวิจัยนักศึกษา ๑ เรื่องและสามารถหารายได้จากงานภายนอก มากกว่า ๑๐,๐๐๐บาท ขึ้นไป หรือ สามารถหารายได้จากภายนอกตั้งแต่ ๑๐๐,๐๐๐บาท ขึ้นไป', 'ระดับที่ ๕  มีภาระงานมากกว่า ๔.๘๐ ชั่วโมงทำงาน/สัปดาห์ หรือ  มีภาระงานตามประกาศ ข้อ ๙.๑-๙.๓ หน้า ๑๑ใด ๆ ก็ได้๔ เรื่อง และสามารถหารายได้จากงานภายนอก มากกว่า ๑๐,๐๐๐ บาทหรือ มีภาระงานกิจกรรมใด ๆ ข้อ ก็ได้ ข้อ ๙.๑-๙.๓ จำนวน ๓ เรื่อง และเป็นที่ปรึกษาโครงการวิจัยนักศึกษา ๑ เรื่องและสามารถหารายได้จากงานภายนอก มากกว่า ๑๐,๐๐๐บาท ขึ้นไป หรือ สามารถหารายได้จากภายนอกตั้งแต่ ๑๐๐,๐๐๐บาท ขึ้นไป'),
(16, 1, 4, '๑ ', 'มีภาระงานต่ำกว่า ๓.๒๐ ชั่วโมงทำงาน/สัปดาห์ หรือ ร่วมกิจกรรมงานที่เกี่ยวข้องกับงานทำนุบำรุงศิลปะ วัฒนธรรมและอนุรักษ์สิ่งแวดล้อม อย่างน้อย ๑ งาน', 'ระดับที่ ๑ มีภาระงานต่ำกว่า ๓.๒๐ ชั่วโมงทำงาน/สัปดาห์ หรือ ร่วมกิจกรรมงานที่เกี่ยวข้องกับงานทำนุบำรุงศิลปะ วัฒนธรรมและอนุรักษ์สิ่งแวดล้อม อย่างน้อย ๑ งาน'),
(17, 1, 4, '๒ ', 'มีภาระงานระหว่าง ๓.๒๐ – ๓.๕๙ ชั่วโมงทำงาน/สัปดาห์\r\nหรือ ร่วมกิจกรรมงานที่เกี่ยวข้องกับงานทำนุบำรุงศิลปะ วัฒนธรรมและอนุรักษ์สิ่งแวดล้อม อย่างน้อย ๒ งาน\r\n', 'ระดับที่ ๒ มีภาระงานระหว่าง ๓.๒๐ – ๓.๕๙ ชั่วโมงทำงาน/สัปดาห์\r\nหรือ ร่วมกิจกรรมงานที่เกี่ยวข้องกับงานทำนุบำรุงศิลปะ วัฒนธรรมและอนุรักษ์สิ่งแวดล้อม อย่างน้อย ๒ งาน\r\n'),
(18, 1, 4, '๓ ', 'ปฎิบัติงานใกล้เคียงกับภาระงานขั้นต่ำ (ระหว่าง ๓.๖๐ – ๔.๔๐ ชั่วโมงทำงาน/สัปดาห์)\r\nหรือ ร่วมกิจกรรมงานที่เกี่ยวข้องกับงานทำนุบำรุงศิลปะ วัฒนธรรมและอนุรักษ์สิ่งแวดล้อม อย่างน้อย ๓ งาน\r\n', 'ระดับที่ ๓ ปฎิบัติงานใกล้เคียงกับภาระงานขั้นต่ำ (ระหว่าง ๓.๖๐ – ๔.๔๐ ชั่วโมงทำงาน/สัปดาห์)\r\nหรือ ร่วมกิจกรรมงานที่เกี่ยวข้องกับงานทำนุบำรุงศิลปะ วัฒนธรรมและอนุรักษ์สิ่งแวดล้อม อย่างน้อย ๓ งาน\r\n'),
(19, 1, 4, '๔ ', 'มีภาระงานระหว่าง ๔.๔๑ – ๔.๘๐ ชั่วโมงทำงาน/สัปดาห์\r\nหรือ ร่วมกิจกรรมงานที่เกี่ยวข้องกับงานทำนุบำรุงศิลปะ วัฒนธรรมและอนุรักษ์สิ่งแวดล้อม อย่างน้อย ๔ งาน\r\n', 'ระดับที่ ๔ มีภาระงานระหว่าง ๔.๔๑ – ๔.๘๐ ชั่วโมงทำงาน/สัปดาห์\r\nหรือ ร่วมกิจกรรมงานที่เกี่ยวข้องกับงานทำนุบำรุงศิลปะ วัฒนธรรมและอนุรักษ์สิ่งแวดล้อม อย่างน้อย ๔ งาน\r\n'),
(20, 1, 4, '๕ ', 'มีภาระงานมากกว่า ๔.๘๐ชั่วโมงทำงาน/สัปดาห์ หรือ ร่วมกิจกรรมงานที่เกี่ยวข้องกับงานทำนุบำรุงศิลปะ วัฒนธรรมและอนุรักษ์สิ่งแวดล้อม อย่างน้อย ๕ งาน', 'ระดับที่ ๕ มีภาระงานมากกว่า ๔.๘๐ชั่วโมงทำงาน/สัปดาห์ หรือ ร่วมกิจกรรมงานที่เกี่ยวข้องกับงานทำนุบำรุงศิลปะ วัฒนธรรมและอนุรักษ์สิ่งแวดล้อม อย่างน้อย ๕ งาน\r\n'),
(21, 1, 5, '๑ ', 'มีภาระงานต่ำกว่า ๖.๔๐ ชั่วโมงทำงาน/สัปดาห์ หรือเป็นกรรมการใดกรรมการหนึ่งของหลักสูตร/แผนกวิชา/สาขาวิชา/สาขา/คณะ ๑งาน หรือกรรมการปฏิบัติเฉพาะกิจ อย่างน้อย ๒ งาน\r\n', 'ระดับที่ ๑ มีภาระงานต่ำกว่า ๖.๔๐ ชั่วโมงทำงาน/สัปดาห์ หรือเป็นกรรมการใดกรรมการหนึ่งของหลักสูตร/แผนกวิชา/สาขาวิชา/สาขา/คณะ ๑งาน หรือกรรมการปฏิบัติเฉพาะกิจ อย่างน้อย ๒ งาน\r\n'),
(22, 1, 5, '๒ ', 'มีภาระงานระหว่าง ๖.๔๐ – ๗.๑๙ ชั่วโมงทำงาน/สัปดาห์ หรือเป็นกรรมการใดกรรมการหนึ่งของหลักสูตร/แผนกวิชา/สาขาวิชา/สาขา/คณะ ๒ งาน หรือกรรมการปฏิบัติเฉพาะกิจ อย่างน้อย ๓ งาน\r\n', 'ระดับที่ ๒ มีภาระงานระหว่าง ๖.๔๐ – ๗.๑๙ ชั่วโมงทำงาน/สัปดาห์ หรือเป็นกรรมการใดกรรมการหนึ่งของหลักสูตร/แผนกวิชา/สาขาวิชา/สาขา/คณะ ๒ งาน หรือกรรมการปฏิบัติเฉพาะกิจ อย่างน้อย ๓ งาน\r\n'),
(23, 1, 5, '๓ ', 'ปฎิบัติงานใกล้เคียงกับภาระงานขั้นต่ำ (ระหว่าง ๗.๒๐ – ๘.๘๐ ชั่วโมงทำงาน/สัปดาห์) หรือ เป็นอาจารย์ที่ปรึกษา หรือเป็นกรรมการใดกรรมการหนึ่งของหลักสูตร/แผนกวิชา/สาขาวิชา/สาขา/คณะ ๒ งานและกรรมการเฉพาะกิจ ๑ งาน หรือกรรมการปฏิบัติเฉพาะกิจ อย่างน้อย ๔ งาน', 'ระดับที่ ๓ ปฎิบัติงานใกล้เคียงกับภาระงานขั้นต่ำ (ระหว่าง ๗.๒๐ – ๘.๘๐ ชั่วโมงทำงาน/สัปดาห์) หรือ เป็นอาจารย์ที่ปรึกษา หรือเป็นกรรมการใดกรรมการหนึ่งของหลักสูตร/แผนกวิชา/สาขาวิชา/สาขา/คณะ ๒ งานและกรรมการเฉพาะกิจ ๑ งาน หรือกรรมการปฏิบัติเฉพาะกิจ อย่างน้อย ๔ งาน\r\n'),
(24, 1, 5, '๔ ', ' มีภาระงานระหว่าง ๘.๘๑  – ๙.๖๐ ชั่วโมงทำงาน/สัปดาห์\r\nหรือ เป็นอาจารย์ที่ปรึกษาและเป็นกรรมการใดกรรมการหนึ่ง/กรรมการเฉพาะกิจของหลักสูตร/แผนกวิชา/สาขาวิชา/สาขา/คณะ ๑ งาน หรือ เป็นกรรมการใดกรรมการหนึ่ง/กรรมการเฉพาะกิจของหลักสูตร/แผนกวิชา/สาขาวิชา/สาขา/คณะ ๔ งาน', 'ระดับที่ ๔ มีภาระงานระหว่าง ๘.๘๑  – ๙.๖๐ ชั่วโมงทำงาน/สัปดาห์\r\nหรือ เป็นอาจารย์ที่ปรึกษาและเป็นกรรมการใดกรรมการหนึ่ง/กรรมการเฉพาะกิจของหลักสูตร/แผนกวิชา/สาขาวิชา/สาขา/คณะ ๑ งาน หรือ เป็นกรรมการใดกรรมการหนึ่ง/กรรมการเฉพาะกิจของหลักสูตร/แผนกวิชา/สาขาวิชา/สาขา/คณะ ๔ งาน\r\n'),
(25, 1, 5, '๕ ', 'มีภาระงานมากกว่า ๙.๖๐ ชั่วโมงทำงาน/สัปดาห์หรือ เป็นอาจารย์ที่ปรึกษาและเป็นกรรมการใดกรรมการหนึ่ง/กรรมการเฉพาะกิจของหลักสูตร/แผนกวิชา/สาขาวิชา/สาขา/คณะ ๒ งาน หรือ เป็นกรรมการใดกรรมการหนึ่ง/กรรมการเฉพาะกิจของหลักสูตร/แผนกวิชา/สาขาวิชา/สาขา/คณะ ๕ งาน หรือกรรมการปฏิบัติเฉพาะกิจ อย่างน้อย ๖ งาน', 'ระดับที่ ๕ มีภาระงานมากกว่า ๙.๖๐ ชั่วโมงทำงาน/สัปดาห์หรือ เป็นอาจารย์ที่ปรึกษาและเป็นกรรมการใดกรรมการหนึ่ง/กรรมการเฉพาะกิจของหลักสูตร/แผนกวิชา/สาขาวิชา/สาขา/คณะ ๒ งาน หรือ เป็นกรรมการใดกรรมการหนึ่ง/กรรมการเฉพาะกิจของหลักสูตร/แผนกวิชา/สาขาวิชา/สาขา/คณะ ๕ งาน หรือกรรมการปฏิบัติเฉพาะกิจ อย่างน้อย ๖ งาน\r\n'),
(26, 2, 1, '๑', 'มีภาระงานน้อยกว่า ๖.๔๐ชั่วโมงทำงาน/สัปดาห์', 'ระดับที่ ๑ มีภาระงานน้อยกว่า ๖.๔๐ชั่วโมงทำงาน/สัปดาห์'),
(27, 2, 1, '๒ ', 'มีภาระงานระหว่าง ๖.๔๐ – ๗.๑๖ ชั่วโมง ทำงาน/สัปดาห์', 'ระดับที่ ๒ มีภาระงานระหว่าง ๖.๔๐ – ๗.๑๖ ชั่วโมง ทำงาน/สัปดาห์'),
(28, 2, 1, '๓ ', 'มีภาระงานใกล้เคียงเกณฑ์ภาระงานขั้นต่ำ (ระหว่าง ๗.๑๗ –๘.๘๐ ชั่วโมงทำงาน/สัปดาห์)และมีแผนการสอนตาม มคอ.๓', 'ระดับที่ ๓ มีภาระงานใกล้เคียงเกณฑ์ภาระงานขั้นต่ำ (ระหว่าง ๗.๑๗ –๘.๘๐ ชั่วโมงทำงาน/สัปดาห์)และมีแผนการสอนตาม มคอ.๓'),
(29, 2, 1, '๔ ', 'มีภาระงานมากกว่า ๘.๘๑- ๙.๖๐ ชั่วโมงทำงาน/สัปดาห์และมีแผนการสอนตาม มคอ.๓ และมีเอกสารประกอบการสอน/เอกสารคำสอน/ตำรา/สื่อการสอน/อุปกรณ์การสอน ทุกวิชาที่สอน ', 'ระดับที่ ๔ มีภาระงานมากกว่า ๘.๘๑- ๙.๖๐ ชั่วโมงทำงาน/สัปดาห์และมีแผนการสอนตาม มคอ.๓ และมีเอกสารประกอบการสอน/เอกสารคำสอน/ตำรา/สื่อการสอน/อุปกรณ์การสอน ทุกวิชาที่สอน '),
(30, 2, 1, '๕ ', 'มีภาระงานมากกว่า ๙.๖๑ ชั่วโมงทำงาน/สัปดาห์ และมีแผนการสอนตาม มคอ.๓ มีการนำผลการประเมินไปปรับปรุง และมีเอกสารประกอบการสอน/เอกสารคำสอน/ตำรา/สื่อการสอน/อุปกรณ์การสอน ทุกวิชาที่สอน ', 'ระดับที่ ๕ มีภาระงานมากกว่า ๙.๖๑ ชั่วโมงทำงาน/สัปดาห์ และมีแผนการสอนตาม มคอ.๓ มีการนำผลการประเมินไปปรับปรุง และมีเอกสารประกอบการสอน/เอกสารคำสอน/ตำรา/สื่อการสอน/อุปกรณ์การสอน ทุกวิชาที่สอน '),
(31, 2, 2, '๑ ', 'มีการดำเนินงานวิจัย ที่ได้รับงบประมาณจากแหล่งทุนภายนอก/ เป็นกรรมการที่เกี่ยวข้องกับงานวิจัย ', 'ระดับที่ ๑ มีการดำเนินงานวิจัย ที่ได้รับงบประมาณจากแหล่งทุนภายนอก/ เป็นกรรมการที่เกี่ยวข้องกับงานวิจัย '),
(32, 2, 2, '๒ ', 'มีการดำเนินงานวิจัยและเผยแพร่ผลงานวิจัยในที่ประชุมวิชาการในระดับนานาชาติ /เข้าร่วมกิจกรรมด้านการวิจัย/นำผลงานวิจัยไปบูรณาการกับการบริการวิชาการและการเรียนการสอน', 'ระดับที่ ๒ มีการดำเนินงานวิจัยและเผยแพร่ผลงานวิจัยในที่ประชุมวิชาการในระดับนานาชาติ /เข้าร่วมกิจกรรมด้านการวิจัย/นำผลงานวิจัยไปบูรณาการกับการบริการวิชาการและการเรียนการสอน'),
(33, 2, 2, '๓ ', 'มีการเผยแพร่บทความทางวิชาการในวารสารวิชาการ ที่อยู่ในฐานข้อมูล เป็นที่ยอมรับในระดับสากล  โดยเป็นชื่อแรกหรือเป็นผู้เขียนหลัก(Corresponding author) ', 'ระดับที่ ๓ มีการเผยแพร่บทความทางวิชาการในวารสารวิชาการ ที่อยู่ในฐานข้อมูล เป็นที่ยอมรับในระดับสากล  โดยเป็นชื่อแรกหรือเป็นผู้เขียนหลัก(Corresponding author) '),
(34, 2, 2, '๔ ', 'การเผยแพร่บทความทางวิชาการในวารสารวิชาการที่อยู่ในฐานข้อมูล เป็นที่ยอมรับในระดับสากล  โดยเป็นชื่อแรกหรือเป็นผู้เขียนหลัก(Corresponding author) อย่างน้อย ๓ เรื่อง', 'ระดับที่ ๔ การเผยแพร่บทความทางวิชาการในวารสารวิชาการที่อยู่ในฐานข้อมูล เป็นที่ยอมรับในระดับสากล  โดยเป็นชื่อแรกหรือเป็นผู้เขียนหลัก(Corresponding author) อย่างน้อย ๓ เรื่อง'),
(35, 2, 2, '๕ ', 'มีการตอบรับการตีพิมพ์ หรือตีพิมพ์ผลงานวิจัยในวารสารที่อยู่ในฐานข้อมูล เป็นที่ยอมรับในระดับสากล  โดยเป็นชื่อแรกหรือเป็นผู้เขียนหลัก(Corresponding author) อย่างน้อย  ๓ เรื่องและ ทำตำรา/หนังสือที่ได้รับการเผยแพร่ตามเกณฑ์ที่ ก.พ.อ.กำหนด', 'ระดับที่ ๕ มีการตอบรับการตีพิมพ์ หรือตีพิมพ์ผลงานวิจัยในวารสารที่อยู่ในฐานข้อมูล เป็นที่ยอมรับในระดับสากล  โดยเป็นชื่อแรกหรือเป็นผู้เขียนหลัก(Corresponding author) อย่างน้อย  ๓ เรื่องและ ทำตำรา/หนังสือที่ได้รับการเผยแพร่ตามเกณฑ์ที่ ก.พ.อ.กำหนด'),
(36, 2, 3, '๑ ', 'มีภาระงานต่ำกว่า ๓.๒๐ ชั่วโมงทำงาน/สัปดาห์หรือ เป็นวิทยากรบรรยายพิเศษใน/นอกมหาวิทยาลัย ๑ ครั้งต่อรอบประเมิน หรือร่วมจัดประชุม สัมมนาฝึกอบรมและจัดนิทรรศการ แก่หน่วยงานภายนอก ๑ ครั้งต่อรอบประเมิน', 'ระดับที่ ๑ มีภาระงานต่ำกว่า ๓.๒๐ ชั่วโมงทำงาน/สัปดาห์หรือ เป็นวิทยากรบรรยายพิเศษใน/นอกมหาวิทยาลัย ๑ ครั้งต่อรอบประเมิน หรือร่วมจัดประชุม สัมมนาฝึกอบรมและจัดนิทรรศการ แก่หน่วยงานภายนอก ๑ ครั้งต่อรอบประเมิน'),
(37, 2, 3, '๒ ', 'มีภาระงานระหว่าง ๓.๒๐ – ๓.๕๙ ชั่วโมงทำงาน/สัปดาห์หรือ จัดกิจกรรมตามประกาศ ๙.๑-๙.๓  ๒ ครั้ง ต่อรอบประเมิน หรือ เป็นที่ปรึกษาร่วมโครงการพิเศษนักศึกษา ๑ เรื่อง', 'ระดับที่ ๒ มีภาระงานระหว่าง ๓.๒๐ – ๓.๕๙ ชั่วโมงทำงาน/สัปดาห์หรือ จัดกิจกรรมตามประกาศ ๙.๑-๙.๓  ๒ ครั้ง ต่อรอบประเมิน หรือ เป็นที่ปรึกษาร่วมโครงการพิเศษนักศึกษา ๑ เรื่อง'),
(38, 2, 3, '๓ ', ' ปฏิบัติงานใกล้เคียงกับภาระงานขั้นต่ำ (ระหว่าง ๓.๖๐ -๔.๔๐ ชั่วโมงทำงาน/สัปดาห์) หรือ มีภาระงานตามประกาศ ข้อ ๙.๑-๙.๓ หน้า ๑๑ ใด ๆ ก็ได้ ๓ เรื่อง หรือ มีภาระงานกิจกรรมใด ๆ ข้อ ก็ได้ ข้อ๙.๑-๙.๓จำนวน ๒ เรื่อง และเป็นที่ปรึกษาร่วมโครงการวิจัยนักศึกษา ๑ เรื่อง', 'ระดับที่ ๓ ปฏิบัติงานใกล้เคียงกับภาระงานขั้นต่ำ (ระหว่าง ๓.๖๐ -๔.๔๐ ชั่วโมงทำงาน/สัปดาห์)\r\nหรือ  มีภาระงานตามประกาศ ข้อ ๙.๑-๙.๓ หน้า ๑๑ ใด ๆ ก็ได้ ๓ เรื่อง หรือ มีภาระงานกิจกรรมใด ๆ ข้อ ก็ได้ ข้อ๙.๑-๙.๓จำนวน ๒ เรื่อง และเป็นที่ปรึกษาร่วมโครงการวิจัยนักศึกษา ๑ เรื่อง\r\n'),
(39, 2, 3, '๔ ', 'มีภาระงานระหว่าง ๔.๔๑ – ๔.๘๐ ชั่วโมงทำงาน/สัปดาห์ หรือ  มีภาระงานตามประกาศ ข้อ ๙.๑-๙.๓ หน้า ๑๑ ใดๆ ก็ได้ ๔ เรื่อง หรือ มีภาระงานกิจกรรมใด ๆ ข้อ ก็ได้ ข้อ๙.๑-๙.๓ จำนวน ๒ เรื่อง และเป็นที่ปรึกษาโครงการวิจัยนักศึกษา ๑ เรื่อง', 'ระดับที่ ๔ มีภาระงานระหว่าง ๔.๔๑ – ๔.๘๐ ชั่วโมงทำงาน/สัปดาห์ หรือ  มีภาระงานตามประกาศ ข้อ ๙.๑-๙.๓ หน้า ๑๑ ใดๆ ก็ได้ ๔ เรื่อง หรือ มีภาระงานกิจกรรมใด ๆ ข้อ ก็ได้ ข้อ๙.๑-๙.๓ จำนวน ๒ เรื่อง และเป็นที่ปรึกษาโครงการวิจัยนักศึกษา ๑ เรื่อง'),
(40, 2, 3, '๕ ', 'มีภาระงานมากกว่า ๔.๘๐ ชั่วโมงทำงาน/สัปดาห์ หรือ  มีภาระงานตามประกาศ ข้อ ๙.๑๙.๓ หน้า ๑๑ ใด ๆ ก็ได้ ๔ เรื่อง และสามารถหารายได้จากงานภายนอก มากกว่า ๑๐,๐๐๐ หรือ มีภาระงานกิจกรรมใด ๆ ข้อ ก็ได้ ข้อ ๙.๑ -๙.๓ จำนวน ๒ เรื่อง และเป็นที่ปรึกษาโครงการวิจัยนักศึกษา ๑ เรื่องและสามารถหารายได้จากงานภายนอก มากกว่า ๑๐,๐๐๐บาท ขึ้นไป หรือ สามารถหารายได้จากภายนอกตั้งแต่ ๑๐๐,๐๐๐บาท ขึ้นไป', 'ระดับที่ ๕ มีภาระงานมากกว่า ๔.๘๐ ชั่วโมงทำงาน/สัปดาห์ หรือ  มีภาระงานตามประกาศ ข้อ ๙.๑๙.๓ หน้า ๑๑ ใด ๆ ก็ได้ ๔ เรื่อง และสามารถหารายได้จากงานภายนอก มากกว่า ๑๐,๐๐๐ หรือ มีภาระงานกิจกรรมใด ๆ ข้อ ก็ได้ ข้อ ๙.๑ -๙.๓ จำนวน ๒ เรื่อง และเป็นที่ปรึกษาโครงการวิจัยนักศึกษา ๑ เรื่องและสามารถหารายได้จากงานภายนอก มากกว่า ๑๐,๐๐๐บาท ขึ้นไป หรือ สามารถหารายได้จากภายนอกตั้งแต่ ๑๐๐,๐๐๐บาท ขึ้นไป'),
(41, 2, 4, '๑ ', 'มีภาระงานต่ำกว่า ๓.๒๐ ชั่วโมงทำงาน/สัปดาห์ หรือ ร่วมกิจกรรมงานที่เกี่ยวข้องกับงานทำนุบำรุงศิลปะ วัฒนธรรมและอนุรักษ์สิ่งแวดล้อม อย่างน้อย ๑ งาน', 'ระดับที่ ๑ มีภาระงานต่ำกว่า ๓.๒๐ ชั่วโมงทำงาน/สัปดาห์ หรือ ร่วมกิจกรรมงานที่เกี่ยวข้องกับงานทำนุบำรุงศิลปะ วัฒนธรรมและอนุรักษ์สิ่งแวดล้อม อย่างน้อย ๑ งาน'),
(42, 2, 4, '๒ ', 'มีภาระงานระหว่าง ๓.๒๐ – ๓.๕๙ ชั่วโมงทำงาน/สัปดาห์\r\nหรือ ร่วมกิจกรรมงานที่เกี่ยวข้องกับงานทำนุบำรุงศิลปะ วัฒนธรรมและอนุรักษ์สิ่งแวดล้อม อย่างน้อย ๒ งาน\r\n', 'ระดับที่ ๒ มีภาระงานระหว่าง ๓.๒๐ – ๓.๕๙ ชั่วโมงทำงาน/สัปดาห์\r\nหรือ ร่วมกิจกรรมงานที่เกี่ยวข้องกับงานทำนุบำรุงศิลปะ วัฒนธรรมและอนุรักษ์สิ่งแวดล้อม อย่างน้อย ๒ งาน\r\n'),
(43, 2, 4, '๓ ', 'ปฎิบัติงานใกล้เคียงกับภาระงานขั้นต่ำ (ระหว่าง ๓.๖๐ – ๔.๔๐ชั่วโมงทำงาน/สัปดาห์)\r\nหรือ ร่วมกิจกรรมงานที่เกี่ยวข้องกับงานทำนุบำรุงศิลปะ วัฒนธรรมและอนุรักษ์สิ่งแวดล้อม อย่างน้อย ๓ งาน\r\n', 'ระดับที่ ๓ ปฎิบัติงานใกล้เคียงกับภาระงานขั้นต่ำ (ระหว่าง ๓.๖๐ – ๔.๔๐ชั่วโมงทำงาน/สัปดาห์)\r\nหรือ ร่วมกิจกรรมงานที่เกี่ยวข้องกับงานทำนุบำรุงศิลปะ วัฒนธรรมและอนุรักษ์สิ่งแวดล้อม อย่างน้อย ๓ งาน\r\n'),
(44, 2, 4, '๔ ', 'มีภาระงานระหว่าง ๔.๔๑ – ๔.๘๐ ชั่วโมงทำงาน/สัปดาห์ หรือร่วมกิจกรรมงานที่เกี่ยวข้องกับงานทำนุบำรุงศิลปะ วัฒนธรรมและอนุรักษ์สิ่งแวดล้อม อย่างน้อย ๔ งาน\r\n', 'ระดับที่ ๔ มีภาระงานระหว่าง ๔.๔๑ – ๔.๘๐ ชั่วโมงทำงาน/สัปดาห์ หรือร่วมกิจกรรมงานที่เกี่ยวข้องกับงานทำนุบำรุงศิลปะ วัฒนธรรมและอนุรักษ์สิ่งแวดล้อม อย่างน้อย ๔ งาน\r\n'),
(45, 2, 4, '๕ ', 'มีภาระงานมากกว่า ๔.๘๐ชั่วโมงทำงาน/สัปดาห์ หรือร่วมกิจกรรมงานที่เกี่ยวข้องกับงานทำนุบำรุงศิลปะ วัฒนธรรมและอนุรักษ์สิ่งแวดล้อม อย่างน้อย ๕ งาน\r\n', 'ระดับที่ ๕ มีภาระงานมากกว่า ๔.๘๐ชั่วโมงทำงาน/สัปดาห์ หรือร่วมกิจกรรมงานที่เกี่ยวข้องกับงานทำนุบำรุงศิลปะ วัฒนธรรมและอนุรักษ์สิ่งแวดล้อม อย่างน้อย ๕ งาน\r\n'),
(47, 2, 5, '๑ ', 'มีภาระงานต่ำกว่า ๖.๔๐ชั่วโมงทำงาน/สัปดาห์ หรือเป็นกรรมการใดกรรมการหนึ่งของหลักสูตร/แผนกวิชา/สาขาวิชา/สาขา/คณะ ๑ งาน หรือกรรมการปฏิบัติเฉพาะกิจ อย่างน้อย ๒ งาน\r\n', 'ระดับที่ ๑ มีภาระงานต่ำกว่า ๖.๔๐ชั่วโมงทำงาน/สัปดาห์ หรือเป็นกรรมการใดกรรมการหนึ่งของหลักสูตร/แผนกวิชา/สาขาวิชา/สาขา/คณะ ๑ งาน หรือกรรมการปฏิบัติเฉพาะกิจ อย่างน้อย ๒ งาน\r\n'),
(48, 2, 5, '๒ ', 'มีภาระงานระหว่าง ๖.๔๐ – ๗.๑๙ ชั่วโมงทำงาน/สัปดาห์ หรือเป็นกรรมการใดกรรมการหนึ่งของหลักสูตร/แผนกวิชา/สาขาวิชา/สาขา/คณะ ๒ งาน หรือกรรมการปฏิบัติเฉพาะกิจ อย่างน้อย ๓ งาน', 'ระดับที่ ๒ มีภาระงานระหว่าง ๖.๔๐ – ๗.๑๙ ชั่วโมงทำงาน/สัปดาห์ หรือเป็นกรรมการใดกรรมการหนึ่งของหลักสูตร/แผนกวิชา/สาขาวิชา/สาขา/คณะ ๒ งาน หรือกรรมการปฏิบัติเฉพาะกิจ อย่างน้อย ๓ งาน\r\n'),
(49, 2, 5, '๓ ', 'ปฎิบัติงานใกล้เคียงกับภาระงานขั้นต่ำ (ระหว่าง ๗.๒๐ – ๘.๘๐ ชั่วโมงทำงาน/สัปดาห์) หรือ เป็นอาจารย์ที่ปรึกษา หรือเป็นกรรมการใดกรรมการหนึ่งของหลักสูตร/แผนกวิชา/สาขาวิชา/สาขา/คณะ ๒ งานและกรรมการเฉพาะกิจ ๑ งาน', 'ระดับที่ ๓ ปฎิบัติงานใกล้เคียงกับภาระงานขั้นต่ำ (ระหว่าง ๗.๒๐ – ๘.๘๐ ชั่วโมงทำงาน/สัปดาห์) หรือ เป็นอาจารย์ที่ปรึกษา หรือเป็นกรรมการใดกรรมการหนึ่งของหลักสูตร/แผนกวิชา/สาขาวิชา/สาขา/คณะ ๒ งานและกรรมการเฉพาะกิจ ๑ งาน'),
(50, 2, 5, '๔ ', 'มีภาระงานระหว่าง ๘.๘๑ – ๙.๖๐ ชั่วโมงทำงาน/สัปดาห์ หรือเป็นอาจารย์ที่ปรึกษาและเป็นกรรมการใดกรรมการหนึ่ง/กรรมการเฉพาะกิจของหลักสูตร/แผนกวิชา/สาขาวิชา/สาขา/คณะ ๑ งาน หรือ เป็นกรรมการใดกรรมการหนึ่ง/กรรมการเฉพาะกิจของหลักสูตร/แผนกวิชา/สาขาวิชา/สาขา/คณะ ๔ งาน', 'ระดับที่ ๔ มีภาระงานระหว่าง ๘.๘๑ – ๙.๖๐ ชั่วโมงทำงาน/สัปดาห์ หรือเป็นอาจารย์ที่ปรึกษาและเป็นกรรมการใดกรรมการหนึ่ง/กรรมการเฉพาะกิจของหลักสูตร/แผนกวิชา/สาขาวิชา/สาขา/คณะ ๑ งาน หรือ เป็นกรรมการใดกรรมการหนึ่ง/กรรมการเฉพาะกิจของหลักสูตร/แผนกวิชา/สาขาวิชา/สาขา/คณะ ๔ งาน\r\n'),
(51, 2, 5, '๕ ', 'มีภาระงานมากกว่า ๙.๖๐ ชั่วโมงทำงาน/สัปดาห์หรือ เป็นอาจารย์ที่ปรึกษาและเป็นกรรมการใดกรรมการหนึ่ง/กรรมการเฉพาะกิจของหลักสูตร/แผนกวิชา/สาขาวิชา/สาขา/คณะ ๒ งาน หรือ เป็นกรรมการใดกรรมการหนึ่ง/กรรมการเฉพาะกิจของหลักสูตร/แผนกวิชา/สาขาวิชา/สาขา/คณะ ๕ งาน หรือกรรมการปฏิบัติเฉพาะกิจ อย่างน้อย ๖ งาน', 'ระดับที่ ๕ มีภาระงานมากกว่า ๙.๖๐ ชั่วโมงทำงาน/สัปดาห์หรือ เป็นอาจารย์ที่ปรึกษาและเป็นกรรมการใดกรรมการหนึ่ง/กรรมการเฉพาะกิจของหลักสูตร/แผนกวิชา/สาขาวิชา/สาขา/คณะ ๒ งาน หรือ เป็นกรรมการใดกรรมการหนึ่ง/กรรมการเฉพาะกิจของหลักสูตร/แผนกวิชา/สาขาวิชา/สาขา/คณะ ๕ งาน หรือกรรมการปฏิบัติเฉพาะกิจ อย่างน้อย ๖ งาน'),
(52, 3, 1, '๑', 'มีภาระงานน้อยกว่า ๙.๖๐ ชั่วโมงทำงาน/สัปดาห์', 'ระดับที่ ๑ มีภาระงานน้อยกว่า ๙.๖๐ ชั่วโมงทำงาน/สัปดาห์'),
(53, 3, 1, '๒', 'มีภาระงานระหว่าง ๙.๖๐ –๑๐.๗๙ ชั่วโมงทำงาน/สัปดาห์', 'ระดับที่ ๒ มีภาระงานระหว่าง ๙.๖๐ –๑๐.๗๙ ชั่วโมงทำงาน/สัปดาห์'),
(54, 3, 1, '๓ ', 'มีภาระงานใกล้เคียงเกณฑ์ภาระงานขั้นต่ำ (ระหว่าง ๑๐.๘๐ –๑๓.๒๐ ชั่วโมงทำงาน/สัปดาห์)และมีแผนการสอนตาม มคอ.๓', 'ระดับที่ ๓ มีภาระงานใกล้เคียงเกณฑ์ภาระงานขั้นต่ำ (ระหว่าง ๑๐.๘๐ –๑๓.๒๐ ชั่วโมงทำงาน/สัปดาห์)และมีแผนการสอนตาม มคอ.๓'),
(55, 3, 1, '๔ ', 'มีภาระงานอยู่ระหว่าง ๑๓.๒๐-๑๔.๔๐ ชั่วโมงทำงาน/สัปดาห์และมีแผนการสอนตาม มคอ.๓ และมีเอกสารประกอบการสอน/เอกสารคำสอน/ตำรา/สื่อการสอน/อุปกรณ์การสอน ทุกวิชาที่สอน \r\n', 'ระดับที่ ๔ มีภาระงานอยู่ระหว่าง ๑๓.๒๐-๑๔.๔๐ ชั่วโมงทำงาน/สัปดาห์และมีแผนการสอนตาม มคอ.๓ และมีเอกสารประกอบการสอน/เอกสารคำสอน/ตำรา/สื่อการสอน/อุปกรณ์การสอน ทุกวิชาที่สอน \r\n'),
(56, 3, 1, '๕ ', 'มีภาระงานมากกว่า ๑๔.๔๐ ชั่วโมงทำงาน/สัปดาห์ และมีแผนการสอนตาม มคอ.๓ มีการนำผลการประเมินไปปรับปรุง และมีเอกสารประกอบการสอน/เอกสารคำสอน/ตำรา/สื่อการสอน/อุปกรณ์การสอน ทุกวิชาที่สอน', 'ระดับที่ ๕ มีภาระงานมากกว่า ๑๔.๔๐ ชั่วโมงทำงาน/สัปดาห์ และมีแผนการสอนตาม มคอ.๓ มีการนำผลการประเมินไปปรับปรุง และมีเอกสารประกอบการสอน/เอกสารคำสอน/ตำรา/สื่อการสอน/อุปกรณ์การสอน ทุกวิชาที่สอน\r\n'),
(57, 3, 2, '๑ ', 'ไม่ปรากฏผลงาน งานวิจัย หรือ ตำราหรือหนังสือ บทความทางวิชาการ วิชาการ แต่มีการเข้าร่วมกิจกรรมด้านงานวิจัย อย่างน้อย ๒ ครั้งต่อรอบประเมิน', 'ระดับที่ ๑ ไม่ปรากฏผลงาน งานวิจัย หรือ ตำราหรือหนังสือ บทความทางวิชาการ วิชาการ แต่มีการเข้าร่วมกิจกรรมด้านงานวิจัย อย่างน้อย ๒ ครั้งต่อรอบประเมิน'),
(58, 3, 2, '๒ ', 'ไม่ปรากฏผลงาน งานวิจัย หรือ ตำราหรือหนังสือ บทความทาง แต่มีการเข้าร่วมกิจกรรมด้านงานวิจัย อย่างน้อย ๓ ครั้งต่อรอบประเมิน', 'ระดับที่ ๒ ไม่ปรากฏผลงาน งานวิจัย หรือ ตำราหรือหนังสือ บทความทาง แต่มีการเข้าร่วมกิจกรรมด้านงานวิจัย อย่างน้อย ๓ ครั้งต่อรอบประเมิน'),
(59, 3, 2, '๓ ', 'มีการดำเนินงานวิจัย / เป็นกรรมการที่เกี่ยวข้องกับงานวิจัย', 'ระดับที่ ๓ มีการดำเนินงานวิจัย / เป็นกรรมการที่เกี่ยวข้องกับงานวิจัย '),
(60, 3, 2, '๔ ', 'มีการดำเนินงานวิจัยและเผยแพร่ผลงานวิจัยในที่ประชุมวิชาการ /เข้าร่วมกิจกรรมด้านการวิจัย/นำผลงานวิจัยไปบูรณาการกับการบริการวิชาการและการเรียนการสอน', 'ระดับที่ ๔ มีการดำเนินงานวิจัยและเผยแพร่ผลงานวิจัยในที่ประชุมวิชาการ /เข้าร่วมกิจกรรมด้านการวิจัย/นำผลงานวิจัยไปบูรณาการกับการบริการวิชาการและการเรียนการสอน'),
(61, 3, 2, '๕ ', 'มีการเผยแพร่บทความทางวิชาการในวารสารวิชาการ ที่อยู่ในฐานข้อมูล ที่ สกอ. รับรอง หรือ ทำตำรา/หนังสือที่ได้รับการเผยแพร่ตามเกณฑ์ที่ ก.พ.อ.กำหนด ', 'ระดับที่ ๕ มีการเผยแพร่บทความทางวิชาการในวารสารวิชาการ ที่อยู่ในฐานข้อมูล ที่ สกอ. รับรอง หรือ ทำตำรา/หนังสือที่ได้รับการเผยแพร่ตามเกณฑ์ที่ ก.พ.อ.กำหนด '),
(62, 3, 3, '๑ ', 'มีภาระงานต่ำกว่า ๓.๒๐ ชั่วโมงทำงาน/สัปดาห์ หรือ ร่วมกิจกรรมงานที่เกี่ยวข้องกับงานทำนุบำรุงศิลปะ วัฒนธรรมและอนุรักษ์สิ่งแวดล้อมอย่างน้อย ๑ งาน', 'ระดับที่ ๑ มีภาระงานต่ำกว่า ๓.๒๐ ชั่วโมงทำงาน/สัปดาห์ หรือ ร่วมกิจกรรมงานที่เกี่ยวข้องกับงานทำนุบำรุงศิลปะ วัฒนธรรมและอนุรักษ์สิ่งแวดล้อมอย่างน้อย ๑ งาน'),
(63, 3, 3, '๒ ', 'มีภาระงานระหว่าง ๓.๒๐ – ๓.๕๙ชั่วโมงทำงาน/สัปดาห์ หรือ ร่วมกิจกรรมงานที่เกี่ยวข้องกับงานทำนุบำรุงศิลปะ วัฒนธรรมและอนุรักษ์สิ่งแวดล้อม อย่างน้อย ๒ งาน\r\n', 'ระดับที่ ๒ มีภาระงานระหว่าง ๓.๒๐ – ๓.๕๙ชั่วโมงทำงาน/สัปดาห์ หรือ ร่วมกิจกรรมงานที่เกี่ยวข้องกับงานทำนุบำรุงศิลปะ วัฒนธรรมและอนุรักษ์สิ่งแวดล้อม อย่างน้อย ๒ งาน\r\n'),
(64, 3, 3, '๓ ', 'ปฎิบัติงานใกล้เคียงกับภาระงานขั้นต่ำ (ระหว่าง๓.๖๐ – ๔.๔๐ ชั่วโมงทำงาน/สัปดาห์)\r\nหรือ ร่วมกิจกรรมงานที่เกี่ยวข้องกับงานทำนุบำรุงศิลปะ วัฒนธรรมและอนุรักษ์สิ่งแวดล้อม อย่างน้อย ๓ งาน', 'ระดับที่ ๓ ปฎิบัติงานใกล้เคียงกับภาระงานขั้นต่ำ (ระหว่าง๓.๖๐ – ๔.๔๐ ชั่วโมงทำงาน/สัปดาห์)\r\nหรือ ร่วมกิจกรรมงานที่เกี่ยวข้องกับงานทำนุบำรุงศิลปะ วัฒนธรรมและอนุรักษ์สิ่งแวดล้อม อย่างน้อย ๓ งาน\r\n'),
(65, 3, 3, '๔ ', 'มีภาระงานระหว่าง ๔.๔๑ – ๔.๘๐ ชั่วโมงทำงาน/สัปดาห์ หรือ ร่วมกิจกรรมงานที่เกี่ยวข้องกับงานทำนุบำรุงศิลปะ วัฒนธรรมและอนุรักษ์สิ่งแวดล้อม อย่างน้อย ๔ งาน', 'ระดับที่ ๔ มีภาระงานระหว่าง ๔.๔๑ – ๔.๘๐ ชั่วโมงทำงาน/สัปดาห์ หรือ ร่วมกิจกรรมงานที่เกี่ยวข้องกับงานทำนุบำรุงศิลปะ วัฒนธรรมและอนุรักษ์สิ่งแวดล้อม อย่างน้อย ๔ งาน\r\n'),
(66, 3, 3, '๕ ', 'มีภาระงานมากกว่า ๔.๘๐ ชั่วโมงทำงาน/สัปดาห์ หรือ ร่วมกิจกรรมงานที่เกี่ยวข้องกับงานทำนุบำรุงศิลปะ วัฒนธรรมและอนุรักษ์สิ่งแวดล้อม อย่างน้อย ๕ งาน', 'ระดับที่ ๕ มีภาระงานมากกว่า ๔.๘๐ ชั่วโมงทำงาน/สัปดาห์ หรือ ร่วมกิจกรรมงานที่เกี่ยวข้องกับงานทำนุบำรุงศิลปะ วัฒนธรรมและอนุรักษ์สิ่งแวดล้อม อย่างน้อย ๕ งาน\r\n'),
(67, 3, 4, '๑ ', 'มีภาระงานต่ำกว่า ๓.๒๐ ชั่วโมงทำงาน/สัปดาห์ หรือ ร่วมกิจกรรมงานที่เกี่ยวข้องกับงานทำนุบำรุงศิลปะ วัฒนธรรมและอนุรักษ์สิ่งแวดล้อม อย่างน้อย ๑ งาน', 'ระดับที่ ๑ มีภาระงานต่ำกว่า ๓.๒๐ ชั่วโมงทำงาน/สัปดาห์ หรือ ร่วมกิจกรรมงานที่เกี่ยวข้องกับงานทำนุบำรุงศิลปะ วัฒนธรรมและอนุรักษ์สิ่งแวดล้อม อย่างน้อย ๑ งาน'),
(68, 3, 4, '๒ ', 'มีภาระงานระหว่าง ๓.๒๐ – ๓.๕๙ชั่วโมงทำงาน/สัปดาห์ หรือ ร่วมกิจกรรมงานที่เกี่ยวข้องกับงานทำนุบำรุงศิลปะ วัฒนธรรมและอนุรักษ์สิ่งแวดล้อม อย่างน้อย ๒ งาน', 'ระดับที่ ๒ มีภาระงานระหว่าง ๓.๒๐ – ๓.๕๙ชั่วโมงทำงาน/สัปดาห์ หรือ ร่วมกิจกรรมงานที่เกี่ยวข้องกับงานทำนุบำรุงศิลปะ วัฒนธรรมและอนุรักษ์สิ่งแวดล้อม อย่างน้อย ๒ งาน\r\n'),
(69, 3, 4, '๓ ', 'ปฎิบัติงานใกล้เคียงกับภาระงานขั้นต่ำ (ระหว่าง๓.๖๐ – ๔.๔๐ ชั่วโมงทำงาน/สัปดาห์)\r\nหรือ ร่วมกิจกรรมงานที่เกี่ยวข้องกับงานทำนุบำรุงศิลปะ วัฒนธรรมและอนุรักษ์สิ่งแวดล้อม อย่างน้อย ๓ งาน', 'ระดับที่ ๓ ปฎิบัติงานใกล้เคียงกับภาระงานขั้นต่ำ (ระหว่าง๓.๖๐ – ๔.๔๐ ชั่วโมงทำงาน/สัปดาห์)\r\nหรือ ร่วมกิจกรรมงานที่เกี่ยวข้องกับงานทำนุบำรุงศิลปะ วัฒนธรรมและอนุรักษ์สิ่งแวดล้อม อย่างน้อย ๓ งาน\r\n'),
(70, 3, 4, '๔ ', 'มีภาระงานระหว่าง ๔.๔๑ – ๔.๘๐ ชั่วโมงทำงาน/สัปดาห์ หรือ ร่วมกิจกรรมงานที่เกี่ยวข้องกับงานทำนุบำรุงศิลปะ วัฒนธรรมและอนุรักษ์สิ่งแวดล้อม อย่างน้อย ๔ งาน\r\n', 'ระดับที่ ๔ มีภาระงานระหว่าง ๔.๔๑ – ๔.๘๐ ชั่วโมงทำงาน/สัปดาห์ หรือ ร่วมกิจกรรมงานที่เกี่ยวข้องกับงานทำนุบำรุงศิลปะ วัฒนธรรมและอนุรักษ์สิ่งแวดล้อม อย่างน้อย ๔ งาน\r\n'),
(71, 3, 4, '๕ ', 'มีภาระงานมากกว่า ๔.๘๐ ชั่วโมงทำงาน/สัปดาห์ หรือ ร่วมกิจกรรมงานที่เกี่ยวข้องกับงานทำนุบำรุงศิลปะ วัฒนธรรมและอนุรักษ์สิ่งแวดล้อม อย่างน้อย ๕ งาน', 'ระดับที่ ๕ มีภาระงานมากกว่า ๔.๘๐ ชั่วโมงทำงาน/สัปดาห์ หรือ ร่วมกิจกรรมงานที่เกี่ยวข้องกับงานทำนุบำรุงศิลปะ วัฒนธรรมและอนุรักษ์สิ่งแวดล้อม อย่างน้อย ๕ งาน\r\n'),
(72, 3, 5, '๑ ', 'มีภาระงานต่ำกว่า ๖.๔๐ ชั่วโมงทำงาน/สัปดาห์ หรือเป็นกรรมการใดกรรมการหนึ่งของหลักสูตร/แผนกวิชา/สาขาวิชา/สาขา/คณะ ๑ งาน หรือกรรมการปฏิบัติเฉพาะกิจ อย่างน้อย ๒ งาน', 'ระดับที่ ๑ มีภาระงานต่ำกว่า ๖.๔๐ ชั่วโมงทำงาน/สัปดาห์ หรือเป็นกรรมการใดกรรมการหนึ่งของหลักสูตร/แผนกวิชา/สาขาวิชา/สาขา/คณะ ๑ งาน หรือกรรมการปฏิบัติเฉพาะกิจ อย่างน้อย ๒ งาน\r\n'),
(73, 3, 5, '๒ ', 'มีภาระงานระหว่าง ๖.๔๐ – ๗.๑๙ ชั่วโมงทำงาน/สัปดาห์ หรือเป็นกรรมการใดกรรมการหนึ่งของหลักสูตร/แผนกวิชา/สาขาวิชา/สาขา/คณะ ๒ งาน หรือกรรมการปฏิบัติเฉพาะกิจ อย่างน้อย ๓ งาน', 'ระดับที่ ๒ มีภาระงานระหว่าง ๖.๔๐ – ๗.๑๙ ชั่วโมงทำงาน/สัปดาห์ หรือเป็นกรรมการใดกรรมการหนึ่งของหลักสูตร/แผนกวิชา/สาขาวิชา/สาขา/คณะ ๒ งาน หรือกรรมการปฏิบัติเฉพาะกิจ อย่างน้อย ๓ งาน\r\n'),
(74, 3, 5, '๓ ', 'ปฎิบัติงานใกล้เคียงกับภาระงานขั้นต่ำ (ระหว่าง ๗.๒๐ – ๘.๘๐ ชั่วโมงทำงาน/สัปดาห์) หรือ เป็นอาจารย์ที่ปรึกษา หรือเป็นกรรมการใดกรรมการหนึ่งของหลักสูตร/แผนกวิชา/สาขาวิชา/สาขา/คณะ ๒ งานและกรรมการเฉพาะกิจ ๑ งาน หรือกรรมการปฏิบัติเฉพาะกิจ อย่างน้อย ๔ งาน\r\n', 'ระดับที่ ๓ ปฎิบัติงานใกล้เคียงกับภาระงานขั้นต่ำ (ระหว่าง ๗.๒๐ – ๘.๘๐ ชั่วโมงทำงาน/สัปดาห์) หรือ เป็นอาจารย์ที่ปรึกษา หรือเป็นกรรมการใดกรรมการหนึ่งของหลักสูตร/แผนกวิชา/สาขาวิชา/สาขา/คณะ ๒ งานและกรรมการเฉพาะกิจ ๑ งาน หรือกรรมการปฏิบัติเฉพาะกิจ อย่างน้อย ๔ งาน\r\n'),
(75, 3, 5, '๔ ', 'มีภาระงานระหว่าง ๘.๘๑ – ๙.๖๐ชั่วโมงทำงาน/สัปดาห์ หรือ เป็นอาจารย์ที่ปรึกษาและเป็นกรรมการใดกรรมการหนึ่ง/กรรมการเฉพาะกิจของหลักสูตร/แผนกวิชา/สาขาวิชา/สาขา/คณะ ๑ งาน หรือ เป็นกรรมการใดกรรมการหนึ่ง/กรรมการเฉพาะกิจของหลักสูตร/แผนกวิชา/สาขาวิชา/สาขา/คณะ ๔ งาน', 'ระดับที่ ๔ มีภาระงานระหว่าง ๘.๘๑ – ๙.๖๐ชั่วโมงทำงาน/สัปดาห์ หรือ เป็นอาจารย์ที่ปรึกษาและเป็นกรรมการใดกรรมการหนึ่ง/กรรมการเฉพาะกิจของหลักสูตร/แผนกวิชา/สาขาวิชา/สาขา/คณะ ๑ งาน หรือ เป็นกรรมการใดกรรมการหนึ่ง/กรรมการเฉพาะกิจของหลักสูตร/แผนกวิชา/สาขาวิชา/สาขา/คณะ ๔ งาน\r\n'),
(76, 3, 5, '๕ ', 'มีภาระงานมากกว่า ๙.๖๐ ชั่วโมงทำงาน/สัปดาห์หรือ เป็นอาจารย์ที่ปรึกษาและเป็นกรรมการใดกรรมการหนึ่ง/กรรมการเฉพาะกิจของหลักสูตร/แผนกวิชา/สาขาวิชา/สาขา/คณะ ๒ งาน หรือ เป็นกรรมการใดกรรมการหนึ่ง/กรรมการเฉพาะกิจของหลักสูตร/แผนกวิชา/สาขาวิชา/สาขา/คณะ ๕งาน หรือกรรมการปฏิบัติเฉพาะกิจ อย่างน้อย ๖ งาน', 'ระดับที่ ๕ มีภาระงานมากกว่า ๙.๖๐ ชั่วโมงทำงาน/สัปดาห์หรือ เป็นอาจารย์ที่ปรึกษาและเป็นกรรมการใดกรรมการหนึ่ง/กรรมการเฉพาะกิจของหลักสูตร/แผนกวิชา/สาขาวิชา/สาขา/คณะ ๒ งาน หรือ เป็นกรรมการใดกรรมการหนึ่ง/กรรมการเฉพาะกิจของหลักสูตร/แผนกวิชา/สาขาวิชา/สาขา/คณะ ๕งาน หรือกรรมการปฏิบัติเฉพาะกิจ อย่างน้อย ๖ งาน\r\n'),
(77, 4, 1, '๑  ', 'มีภาระงานน้อยกว่า ๑๒.๘๐ ชั่วโมงทำงาน/สัปดาห์', 'ระดับที่ ๑  มีภาระงานน้อยกว่า ๑๒.๘๐ ชั่วโมงทำงาน/สัปดาห์'),
(78, 4, 1, '๒', 'มีภาระงานระหว่าง ๑๒.๙๐ –๑๔.๓๓ ชั่วโมงทำงาน/สัปดาห์', 'ระดับที่ ๒  มีภาระงานระหว่าง ๑๒.๙๐ –๑๔.๓๓ ชั่วโมงทำงาน/สัปดาห์'),
(79, 4, 1, '๓  ', 'มีภาระงานใกล้เคียงเกณฑ์ภาระงานขั้นต่ำ (ระหว่าง ๑๔.๓๔ –๑๗.๖๐ ชั่วโมงทำงาน/สัปดาห์) ) และมีแผนการสอนตาม มคอ.๓', 'ระดับที่ ๓ มีภาระงานใกล้เคียงเกณฑ์ภาระงานขั้นต่ำ (ระหว่าง ๑๔.๓๔ –๑๗.๖๐ ชั่วโมงทำงาน/สัปดาห์) ) และมีแผนการสอนตาม มคอ.๓'),
(80, 4, 1, '4', '17.91 - 19.20', 'ระดับที่ ๔ มีภาระงานระหว่าง ๑๗.๖๑-๑๙.๒๐ ชั่วโมงทำงาน/สัปดาห์ มีแผนการสอนตาม มคอ.๓ และ มีเอกสารประกอบการสอน/เอกสารคำสอน/ตำรา/สื่อการสอน/อุปกรณ์การสอน ทุกวิชาที่สอน '),
(81, 4, 1, '๕  ', 'มีภาระงานมากกว่า ๑๙.๒๐ ชั่วโมงทำงาน/สัปดาห์ มีแผนการสอนตาม มคอ.๓ มีการนำผลการประเมินไปปรับปรุง   และมีเอกสารประกอบการสอน/เอกสารคำสอน/ตำรา/สื่อการสอน/อุปกรณ์การสอน ทุกวิชาที่สอน ', 'ระดับที่ ๕ มีภาระงานมากกว่า ๑๙.๒๐ ชั่วโมงทำงาน/สัปดาห์ มีแผนการสอนตาม มคอ.๓ มีการนำผลการประเมินไปปรับปรุง  และมีเอกสารประกอบการสอน/เอกสารคำสอน/ตำรา/สื่อการสอน/อุปกรณ์การสอน ทุกวิชาที่สอน '),
(82, 4, 2, '๑ ', 'ไม่ปรากฏผลงาน งานวิจัย หรือ ตำราหรือหนังสือ บทความทางวิชาการ วิชาการ แต่มีการเข้าร่วมกิจกรรมด้านงานวิจัย อย่างน้อย ๑ ครั้งต่อรอบประเมิน', 'ระดับที่ ๑ ไม่ปรากฏผลงาน งานวิจัย หรือ ตำราหรือหนังสือ บทความทางวิชาการ วิชาการ แต่มีการเข้าร่วมกิจกรรมด้านงานวิจัย อย่างน้อย ๑ ครั้งต่อรอบประเมิน'),
(83, 4, 2, '๒ ', 'ไม่ปรากฏผลงาน งานวิจัย หรือ ตำราหรือหนังสือ บทความทาง แต่มีการเข้าร่วมกิจกรรมด้านงานวิจัย อย่างน้อย ๒ ครั้งต่อรอบประเมิน', 'ระดับที่ ๒ ไม่ปรากฏผลงาน งานวิจัย หรือ ตำราหรือหนังสือ บทความทาง แต่มีการเข้าร่วมกิจกรรมด้านงานวิจัย อย่างน้อย ๒ ครั้งต่อรอบประเมิน'),
(84, 4, 2, '๓ ', 'มีการยื่นข้อเสนอโครงการวิจัยหรือมีการดำเนินงานวิจัย หรือ เป็นกรรมการที่เกี่ยวข้องกับงานวิจัย', 'ระดับที่ ๓ มีการยื่นข้อเสนอโครงการวิจัยหรือมีการดำเนินงานวิจัย หรือ เป็นกรรมการที่เกี่ยวข้องกับงานวิจัย '),
(85, 4, 2, '๔ ', 'มีการดำเนินงานวิจัยและเข้าร่วมกิจกรรมด้านการวิจัยหรือนำผลงานวิจัยไปบูรณาการกับการบริการวิชาการและการเรียนการสอน', 'ระดับที่ ๔ มีการดำเนินงานวิจัยและเข้าร่วมกิจกรรมด้านการวิจัยหรือนำผลงานวิจัยไปบูรณาการกับการบริการวิชาการและการเรียนการสอน'),
(86, 4, 2, '๕ ', 'มีการนำเสนอผลงานวิจัยในที่ประชุมวิชาการหรือเผยแพร่บทความทางวิชาการในวารสารวิชาการ ที่ สกอ.รับรอง หรือ ทำตำราหรือหนังสือที่ได้รับการเผยแพร่ตามเกณฑ์ที่ ก.พ.อ.กำหนด', 'ระดับที่ ๕ มีการนำเสนอผลงานวิจัยในที่ประชุมวิชาการหรือเผยแพร่บทความทางวิชาการในวารสารวิชาการ ที่ สกอ.รับรอง หรือ ทำตำราหรือหนังสือที่ได้รับการเผยแพร่ตามเกณฑ์ที่ ก.พ.อ.กำหนด'),
(87, 4, 3, '๑ ', 'มีภาระงานต่ำกว่า ๓.๒๐ ชั่วโมงทำงาน/สัปดาห์หรือ เป็นวิทยากรบรรยายพิเศษใน/นอกมหาวิทยาลัย ๑ ครั้งต่อรอบประเมิน หรือร่วมจัดประชุม สัมมนาฝึกอบรมและจัดนิทรรศการ แก่หน่วยงานภายนอก ๑ ครั้งต่อรอบประเมิน', 'ระดับที่ ๑ มีภาระงานต่ำกว่า ๓.๒๐ ชั่วโมงทำงาน/สัปดาห์หรือ เป็นวิทยากรบรรยายพิเศษใน/นอกมหาวิทยาลัย ๑ ครั้งต่อรอบประเมิน หรือร่วมจัดประชุม สัมมนาฝึกอบรมและจัดนิทรรศการ แก่หน่วยงานภายนอก ๑ ครั้งต่อรอบประเมิน'),
(88, 4, 3, '๒ ', 'มีภาระงานระหว่าง ๓.๒๐ – ๓.๕๙ ชั่วโมงทำงาน/สัปดาห์หรือจัดกิจกรรมตามประกาศ ๙.๑-๙.๓      ๒ ครั้ง ต่อรอบประเมิน หรือ เป็นที่ปรึกษาร่วมโครงการพิเศษนักศึกษา ๑ เรื่อง', 'ระดับที่ ๒ มีภาระงานระหว่าง ๓.๒๐ – ๓.๕๙ ชั่วโมงทำงาน/สัปดาห์หรือจัดกิจกรรมตามประกาศ ๙.๑-๙.๓      ๒ ครั้ง ต่อรอบประเมิน หรือ เป็นที่ปรึกษาร่วมโครงการพิเศษนักศึกษา ๑ เรื่อง'),
(89, 4, 3, '๓ ', 'ปฏิบัติงานใกล้เคียงกับภาระงานขั้นต่ำ (ระหว่าง ๓.๖๐ -๔.๔๐ ชั่วโมงทำงาน/สัปดาห์) หรือ  มีภาระงานตามประกาศ ข้อ ๙.๑-๙.๓ หน้า ๑๑ ใด ๆ ก็ได้ ๓ เรื่อง หรือ มีภาระงานกิจกรรมใด ๆ ข้อ ก็ได้ ข้อ๙.๑-๙.๓ จำนวน ๒ เรื่อง และเป็นที่ปรึกษาร่วมโครงการวิจัยนักศึกษา ๑ เรื่อง', 'ระดับที่ ๓ ปฏิบัติงานใกล้เคียงกับภาระงานขั้นต่ำ (ระหว่าง ๓.๖๐ -๔.๔๐ ชั่วโมงทำงาน/สัปดาห์) หรือ มีภาระงานตามประกาศ ข้อ ๙.๑-๙.๓ หน้า ๑๑ ใด ๆ ก็ได้ ๓ เรื่อง หรือ มีภาระงานกิจกรรมใด ๆ ข้อ ก็ได้ ข้อ๙.๑-๙.๓ จำนวน ๒ เรื่อง และเป็นที่ปรึกษาร่วมโครงการวิจัยนักศึกษา ๑ เรื่อง\r\n'),
(90, 4, 3, '๔ ', 'มีภาระงานระหว่าง ๔.๔๑ – ๔.๘๐ ชั่วโมงทำงาน/สัปดาห์หรือ  มีภาระงานตามประกาศ ข้อ ๙.๑-๙.๓ หน้า ๑๑ ใด ๆ ก็ได้ ๔ เรื่อง หรือ มีภาระงานกิจกรรมใด ๆ ข้อ ก็ได้ ข้อ๙.๑-๙.๓ จำนวน ๓ เรื่อง และเป็นที่ปรึกษาโครงการวิจัยนักศึกษา ๑ เรื่อง', 'ระดับที่ ๔ มีภาระงานระหว่าง ๔.๔๑ – ๔.๘๐ ชั่วโมงทำงาน/สัปดาห์หรือ  มีภาระงานตามประกาศ ข้อ ๙.๑-๙.๓ หน้า ๑๑ ใด ๆ ก็ได้ ๔ เรื่อง หรือ มีภาระงานกิจกรรมใด ๆ ข้อ ก็ได้ ข้อ๙.๑-๙.๓ จำนวน ๓ เรื่อง และเป็นที่ปรึกษาโครงการวิจัยนักศึกษา ๑ เรื่อง'),
(91, 4, 3, '๕ ', 'มีภาระงานมากกว่า ๔.๘๐ ชั่วโมงทำงาน/สัปดาห์ หรือ  มีภาระงานตามประกาศ ข้อ ๙.๑ -๙.๓ หน้า ๑๑ ใด ๆ ก็ได้ ๔ เรื่อง และสามารถหารายได้จากงานภายนอก มากกว่า ๑๐,๐๐๐หรือ มีภาระงานกิจกรรมใด ๆ ข้อ ก็ได้ ข้อ๙.๑-๙.๓ จำนวน ๓ เรื่อง และเป็นที่ปรึกษาโครงการวิจัยนักศึกษา ๑ เรื่องและสามารถหารายได้จากงานภายนอก มากกว่า ๑๐,๐๐๐บาท ขึ้นไป หรือ สามารถหารายได้จากภายนอกตั้งแต่ ๑๐๐,๐๐๐ บาท ขึ้นไป', 'ระดับที่ ๕ มีภาระงานมากกว่า ๔.๘๐ ชั่วโมงทำงาน/สัปดาห์ หรือ  มีภาระงานตามประกาศ ข้อ ๙.๑ -๙.๓ หน้า ๑๑ ใด ๆ ก็ได้ ๔ เรื่อง และสามารถหารายได้จากงานภายนอก มากกว่า ๑๐,๐๐๐หรือ มีภาระงานกิจกรรมใด ๆ ข้อ ก็ได้ ข้อ๙.๑-๙.๓ จำนวน ๓ เรื่อง และเป็นที่ปรึกษาโครงการวิจัยนักศึกษา ๑ เรื่องและสามารถหารายได้จากงานภายนอก มากกว่า ๑๐,๐๐๐บาท ขึ้นไป หรือ สามารถหารายได้จากภายนอกตั้งแต่ ๑๐๐,๐๐๐ บาท ขึ้นไป'),
(92, 4, 4, '๑ ', 'มีภาระงานต่ำกว่า ๓.๒๐ ชั่วโมงทำงาน/สัปดาห์ หรือ ร่วมกิจกรรมงานที่เกี่ยวข้องกับงานทำนุบำรุงศิลปะ วัฒนธรรมและอนุรักษ์สิ่งแวดล้อม อย่างน้อย ๑ งาน', 'ระดับที่ ๑ มีภาระงานต่ำกว่า ๓.๒๐ ชั่วโมงทำงาน/สัปดาห์ หรือ ร่วมกิจกรรมงานที่เกี่ยวข้องกับงานทำนุบำรุงศิลปะ วัฒนธรรมและอนุรักษ์สิ่งแวดล้อม อย่างน้อย ๑ งาน'),
(93, 4, 4, '๒ ', 'มีภาระงานระหว่าง ๓.๒๐ – ๓.๕๙ชั่วโมงทำงาน/สัปดาห์ หรือ ร่วมกิจกรรมงานที่เกี่ยวข้องกับงานทำนุบำรุงศิลปะ วัฒนธรรมและอนุรักษ์สิ่งแวดล้อม อย่างน้อย ๒ งาน', 'ระดับที่ ๒ มีภาระงานระหว่าง ๓.๒๐ – ๓.๕๙ชั่วโมงทำงาน/สัปดาห์ หรือ ร่วมกิจกรรมงานที่เกี่ยวข้องกับงานทำนุบำรุงศิลปะ วัฒนธรรมและอนุรักษ์สิ่งแวดล้อม อย่างน้อย ๒ งาน\r\n'),
(94, 4, 4, '๓ ', 'ปฎิบัติงานใกล้เคียงกับภาระงานขั้นต่ำ (ระหว่าง ๓.๖๐ – ๔.๔๐ ชั่วโมงทำงาน/สัปดาห์)\r\nหรือ ร่วมกิจกรรมงานที่เกี่ยวข้องกับงานทำนุบำรุงศิลปะ วัฒนธรรมและอนุรักษ์สิ่งแวดล้อม อย่างน้อย ๓ งาน', 'ระดับที่ ๓ ปฎิบัติงานใกล้เคียงกับภาระงานขั้นต่ำ (ระหว่าง ๓.๖๐ – ๔.๔๐ ชั่วโมงทำงาน/สัปดาห์)\r\nหรือ ร่วมกิจกรรมงานที่เกี่ยวข้องกับงานทำนุบำรุงศิลปะ วัฒนธรรมและอนุรักษ์สิ่งแวดล้อม อย่างน้อย ๓ งาน\r\n'),
(95, 4, 4, '๔ ', 'มีภาระงานระหว่าง ๔.๔๑ – ๔.๘๐ชั่วโมงทำงาน/สัปดาห์ หรือ ร่วมกิจกรรมงานที่เกี่ยวข้องกับงานทำนุบำรุงศิลปะ วัฒนธรรมและอนุรักษ์สิ่งแวดล้อม อย่างน้อย ๔ งาน', 'ระดับที่ ๔ มีภาระงานระหว่าง ๔.๔๑ – ๔.๘๐ชั่วโมงทำงาน/สัปดาห์ หรือ ร่วมกิจกรรมงานที่เกี่ยวข้องกับงานทำนุบำรุงศิลปะ วัฒนธรรมและอนุรักษ์สิ่งแวดล้อม อย่างน้อย ๔ งาน\r\n'),
(96, 4, 4, '๕ ', 'มีภาระงานมากกว่า ๔.๘๐ ชั่วโมงทำงาน/สัปดาห์ หรือ ร่วมกิจกรรมงานที่เกี่ยวข้องกับงานทำนุบำรุงศิลปะ วัฒนธรรมและอนุรักษ์สิ่งแวดล้อม อย่างน้อย ๕ งาน', 'ระดับที่ ๕ มีภาระงานมากกว่า ๔.๘๐ ชั่วโมงทำงาน/สัปดาห์ หรือ ร่วมกิจกรรมงานที่เกี่ยวข้องกับงานทำนุบำรุงศิลปะ วัฒนธรรมและอนุรักษ์สิ่งแวดล้อม อย่างน้อย ๕ งาน\r\n'),
(97, 4, 5, '๑ ', 'มีภาระงานต่ำกว่า ๖.๔๐ ชั่วโมงทำงาน/สัปดาห์ หรือเป็นกรรมการใดกรรมการหนึ่งของหลักสูตร/แผนกวิชา/สาขาวิชา/สาขา/คณะ ๑ งาน หรือกรรมการปฏิบัติเฉพาะกิจ อย่างน้อย ๒ งาน', 'ระดับที่ ๑ มีภาระงานต่ำกว่า ๖.๔๐ ชั่วโมงทำงาน/สัปดาห์ หรือเป็นกรรมการใดกรรมการหนึ่งของหลักสูตร/แผนกวิชา/สาขาวิชา/สาขา/คณะ ๑ งาน หรือกรรมการปฏิบัติเฉพาะกิจ อย่างน้อย ๒ งาน\r\n'),
(98, 4, 5, '๒ ', 'มีภาระงานระหว่าง ๖.๔๐ – ๗.๑๙ ชั่วโมงทำงาน/สัปดาห์ หรือเป็นกรรมการใดกรรมการหนึ่งของหลักสูตร/แผนกวิชา/สาขาวิชา/สาขา/คณะ ๒ งาน หรือกรรมการปฏิบัติเฉพาะกิจ อย่างน้อย ๓ งาน', 'ระดับที่ ๒ มีภาระงานระหว่าง ๖.๔๐ – ๗.๑๙ ชั่วโมงทำงาน/สัปดาห์ หรือเป็นกรรมการใดกรรมการหนึ่งของหลักสูตร/แผนกวิชา/สาขาวิชา/สาขา/คณะ ๒ งาน หรือกรรมการปฏิบัติเฉพาะกิจ อย่างน้อย ๓ งาน\r\n'),
(99, 4, 5, '๓ ', 'ปฎิบัติงานใกล้เคียงกับภาระงานขั้นต่ำ (ระหว่าง ๗.๒๐ – ๘.๘๐ชั่วโมงทำงาน/สัปดาห์) หรือ เป็นอาจารย์ที่ปรึกษา หรือเป็นกรรมการใดกรรมการหนึ่งของหลักสูตร/แผนกวิชา/สาขาวิชา/สาขา/คณะ ๒ งานและกรรมการเฉพาะกิจ ๑ งาน หรือกรรมการปฏิบัติเฉพาะกิจ อย่างน้อย ๔ งาน', 'ระดับที่ ๓ ปฎิบัติงานใกล้เคียงกับภาระงานขั้นต่ำ (ระหว่าง ๗.๒๐ – ๘.๘๐ชั่วโมงทำงาน/สัปดาห์) หรือ เป็นอาจารย์ที่ปรึกษา หรือเป็นกรรมการใดกรรมการหนึ่งของหลักสูตร/แผนกวิชา/สาขาวิชา/สาขา/คณะ ๒ งานและกรรมการเฉพาะกิจ ๑ งาน หรือกรรมการปฏิบัติเฉพาะกิจ อย่างน้อย ๔ งาน\r\n'),
(100, 4, 5, '4', 'มีภาระงานระหว่าง ๘.๘๑ – ๙.๖๐ ชั่วโมงทำงาน/สัปดาห์ หรือ เป็นอาจารย์ที่ปรึกษาและเป็นกรรมการใดกรรมการหนึ่ง/กรรมการเฉพาะกิจของหลักสูตร/แผนกวิชา/สาขาวิชา/สาขา/คณะ ๑ งาน หรือ เป็นกรรมการใดกรรมการหนึ่ง/กรรมการเฉพาะกิจของหลักสูตร/แผนกวิชา/สาขาวิชา/สาขา/คณะ ๔ งาน หรือกรรมการปฏิบัติเฉพาะกิจ อย่างน้อย ๕ งาน', 'ระดับที่ ๔ มีภาระงานระหว่าง ๘.๘๑ – ๙.๖๐ ชั่วโมงทำงาน/สัปดาห์ หรือ เป็นอาจารย์ที่ปรึกษาและเป็นกรรมการใดกรรมการหนึ่ง/กรรมการเฉพาะกิจของหลักสูตร/แผนกวิชา/สาขาวิชา/สาขา/คณะ ๑ งาน หรือ เป็นกรรมการใดกรรมการหนึ่ง/กรรมการเฉพาะกิจของหลักสูตร/แผนกวิชา/สาขาวิชา/สาขา/คณะ ๔ งาน หรือกรรมการปฏิบัติเฉพาะกิจ อย่างน้อย ๕ งาน\r\n'),
(101, 4, 5, '๕ ', 'มีภาระงานมากกว่า ๙.๖๐ ชั่วโมงทำงาน/สัปดาห์หรือ เป็นอาจารย์ที่ปรึกษาและเป็นกรรมการใดกรรมการหนึ่ง/กรรมการเฉพาะกิจของหลักสูตร/แผนกวิชา/สาขาวิชา/สาขา/คณะ ๒ งาน หรือ เป็นกรรมการใดกรรมการหนึ่ง/กรรมการเฉพาะกิจของหลักสูตร/แผนกวิชา/สาขาวิชา/สาขา/คณะ ๕ งาน หรือกรรมการปฏิบัติเฉพาะกิจ อย่างน้อย ๖ งาน', 'ระดับที่ ๕ มีภาระงานมากกว่า ๙.๖๐ ชั่วโมงทำงาน/สัปดาห์หรือ เป็นอาจารย์ที่ปรึกษาและเป็นกรรมการใดกรรมการหนึ่ง/กรรมการเฉพาะกิจของหลักสูตร/แผนกวิชา/สาขาวิชา/สาขา/คณะ ๒ งาน หรือ เป็นกรรมการใดกรรมการหนึ่ง/กรรมการเฉพาะกิจของหลักสูตร/แผนกวิชา/สาขาวิชา/สาขา/คณะ ๕ งาน หรือกรรมการปฏิบัติเฉพาะกิจ อย่างน้อย ๖ งาน\r\n');

-- --------------------------------------------------------

--
-- Table structure for table `degree`
--

CREATE TABLE `degree` (
  `degree_id` tinyint(1) NOT NULL,
  `degree_name` varchar(50) CHARACTER SET utf8mb4 COLLATE utf8mb4_unicode_ci NOT NULL
) ENGINE=InnoDB DEFAULT CHARSET=utf8 COLLATE=utf8_unicode_ci;

--
-- Dumping data for table `degree`
--

INSERT INTO `degree` (`degree_id`, `degree_name`) VALUES
(1, 'ปริญญาตรี'),
(2, 'ปริญญาโท'),
(3, 'ปริญญาเอก');

-- --------------------------------------------------------

--
-- Table structure for table `departments`
--

CREATE TABLE `departments` (
  `dept_id` tinyint(2) NOT NULL,
  `dept_name` varchar(100) COLLATE utf8_unicode_ci NOT NULL
) ENGINE=InnoDB DEFAULT CHARSET=utf8 COLLATE=utf8_unicode_ci;

--
-- Dumping data for table `departments`
--

INSERT INTO `departments` (`dept_id`, `dept_name`) VALUES
(1, 'บริหารธุรกิจ'),
(2, 'ศิลปศาสตร์'),
(3, 'การบัญชี');

-- --------------------------------------------------------

--
-- Table structure for table `education`
--

CREATE TABLE `education` (
  `ed_id` int(10) NOT NULL,
  `staff_id` int(10) NOT NULL,
  `ed_name` varchar(100) COLLATE utf8_unicode_ci NOT NULL,
  `ed_loc` varchar(100) COLLATE utf8_unicode_ci NOT NULL,
  `degree_id` tinyint(1) NOT NULL
) ENGINE=InnoDB DEFAULT CHARSET=utf8 COLLATE=utf8_unicode_ci;

--
-- Dumping data for table `education`
--

INSERT INTO `education` (`ed_id`, `staff_id`, `ed_name`, `ed_loc`, `degree_id`) VALUES
(45, 1000000001, 'ระบบสาระสนเทศทางคอมพิวเตอร์', 'มหาวิทยาลัยราชมงคลล้านนา', 1),
(47, 1000000001, 'ระบบสารสนเทศทางคอมพิวเตอร์', 'มหาวิทยาลัยราชมงคลล้านนา', 1),
(49, 1000000001, 'ภาษาอังกฤษธุรกิจ', 'มหาวิทยาลัยราชกบัง', 1),
(53, 62054116, 'gf', 'aaaaa', 3),
(54, 1000000001, 'ระบบสารสนเทศทางคอมพิวเตอร์', 'มหาวิทยาลัยเทคโนโลยีราชมงคลล้านนา', 1),
(55, 6205067, 'ระบบสารสนเทศทางคอมพิวเตอร์', 'มาหาวิทยาลัยราชมงคลล้านนา', 1),
(56, 6205118, 'ระบบสารสนเทศทางคอมพิวเตอร์', 'มหาวิทยาลัยราชมงคลล้านนา', 1),
(57, 62052413, 'การจัดการ', 'มหาวิทยาลัยแม่โจ้', 1),
(58, 6205149, 'ระบบสารสนเทศทางคอมพิวเตอร์', 'มหาวิทยาลัยราชมงคลล้านนา', 1),
(59, 62053514, 'การบัญชี', 'มหาวิทยาลัยพายัพ', 1),
(60, 62051014, 'ภาษาอังกฤษเพื่อธุรกิจ', 'มหาวิทยาลัยพายัพ', 1),
(61, 1000000001, '', '', 1),
(62, 62053314, 'การโรงแรมและการท่องเที่ยว', 'มหาวิทยาลัยราชมงคลล้านนา', 1);

-- --------------------------------------------------------

--
-- Table structure for table `evaluation`
--

CREATE TABLE `evaluation` (
  `e_id` tinyint(2) NOT NULL,
  `e_name` varchar(255) COLLATE utf8_unicode_ci NOT NULL
) ENGINE=InnoDB DEFAULT CHARSET=utf8 COLLATE=utf8_unicode_ci;

--
-- Dumping data for table `evaluation`
--

INSERT INTO `evaluation` (`e_id`, `e_name`) VALUES
(1, 'ภาระงานด้านการเรียนการสอน'),
(2, 'งานที่ปรากฏเป็นผลงานทางวิชาการตามหลักเกณฑ์ที่ ก.พ.อ.กำหนด  \r\n'),
(3, 'งานบริการทางวิชาการ\r\n'),
(4, 'งานทำนุบำรุงศิลปะ วัฒนธรรมและอนุรักษ์สิ่งแวดล้อม'),
(5, 'งานพัฒนานักศึกษา งานที่ได้รับการแต่งตั้งให้ดำรงตำแหน่งและงานที่ได้รับมอบหมายอื่น ๆ\r\n');

-- --------------------------------------------------------

--
-- Table structure for table `evidence`
--

CREATE TABLE `evidence` (
  `evd_id` char(11) COLLATE utf8_unicode_ci NOT NULL,
  `ass_id` char(11) COLLATE utf8_unicode_ci NOT NULL,
  `st_id` int(10) NOT NULL,
  `st_date` date NOT NULL,
  `comman_id` int(11) NOT NULL,
  `com_date` date NOT NULL,
  `evd_status` tinyint(1) NOT NULL
) ENGINE=InnoDB DEFAULT CHARSET=utf8 COLLATE=utf8_unicode_ci;

--
-- Dumping data for table `evidence`
--

INSERT INTO `evidence` (`evd_id`, `ass_id`, `st_id`, `st_date`, `comman_id`, `com_date`, `evd_status`) VALUES
('EVD62201118', 'TOR62201118', 6205118, '2019-05-20', 0, '0000-00-00', 2),
('EVD62206149', 'TOR62206149', 6205149, '2019-05-20', 0, '0000-00-00', 2),
('EVD62253067', 'TOR62253067', 6205067, '2019-05-20', 0, '0000-00-00', 2);

-- --------------------------------------------------------

--
-- Table structure for table `evidence_file`
--

CREATE TABLE `evidence_file` (
  `evd_file_id` int(11) NOT NULL,
  `evd_id` char(11) COLLATE utf8_unicode_ci NOT NULL,
  `se_id` tinyint(2) NOT NULL,
  `evd_name_thai` varchar(100) COLLATE utf8_unicode_ci NOT NULL,
  `evd_file_name` varchar(255) COLLATE utf8_unicode_ci NOT NULL
) ENGINE=InnoDB DEFAULT CHARSET=utf8 COLLATE=utf8_unicode_ci;

--
-- Dumping data for table `evidence_file`
--

INSERT INTO `evidence_file` (`evd_file_id`, `evd_id`, `se_id`, `evd_name_thai`, `evd_file_name`) VALUES
(12, 'EVD62253067', 1, 'c0000322.png', '1-03519056.png'),
(13, 'EVD62201118', 1, 'EER.png', '1-19000301.png'),
(14, 'EVD62206149', 1, 'EER.png', '1-15731290.png');

-- --------------------------------------------------------

--
-- Table structure for table `evidence_text`
--

CREATE TABLE `evidence_text` (
  `evd_text_id` int(11) NOT NULL,
  `evd_id` char(11) COLLATE utf8_unicode_ci NOT NULL,
  `se_id` tinyint(2) NOT NULL,
  `evd_text_name` text COLLATE utf8_unicode_ci NOT NULL
) ENGINE=InnoDB DEFAULT CHARSET=utf8 COLLATE=utf8_unicode_ci;

--
-- Dumping data for table `evidence_text`
--

INSERT INTO `evidence_text` (`evd_text_id`, `evd_id`, `se_id`, `evd_text_name`) VALUES
(11, 'EVD62253067', 1, 'ฟกด'),
(12, 'EVD62201118', 1, 'test'),
(13, 'EVD62206149', 1, 'test');

-- --------------------------------------------------------

--
-- Table structure for table `permissions`
--

CREATE TABLE `permissions` (
  `permiss_id` tinyint(2) NOT NULL,
  `permiss_name` varchar(100) COLLATE utf8_unicode_ci NOT NULL,
  `permiss_decs` text COLLATE utf8_unicode_ci NOT NULL
) ENGINE=InnoDB DEFAULT CHARSET=utf8 COLLATE=utf8_unicode_ci;

--
-- Dumping data for table `permissions`
--

INSERT INTO `permissions` (`permiss_id`, `permiss_name`, `permiss_decs`) VALUES
(1, 'admin', 'ผู้ดูแลระบบ'),
(2, 'teacher', 'อาจารย์'),
(3, 'BranchLeader', 'หัวหน้าลักสูตร'),
(4, 'DepartmentLeader', 'หัวหน้าสาขา\r\n'),
(5, 'FacultyLeader', 'คณบดี');

-- --------------------------------------------------------

--
-- Table structure for table `position`
--

CREATE TABLE `position` (
  `pos_id` tinyint(2) NOT NULL,
  `pos_name` varchar(100) COLLATE utf8_unicode_ci NOT NULL
) ENGINE=InnoDB DEFAULT CHARSET=utf8 COLLATE=utf8_unicode_ci;

--
-- Dumping data for table `position`
--

INSERT INTO `position` (`pos_id`, `pos_name`) VALUES
(1, 'อาจารย์'),
(2, 'หัวหน้าหลักสูตร'),
(3, 'หัวหน้าสาขา'),
(4, 'คณบดี');

-- --------------------------------------------------------

--
-- Table structure for table `preasessment_t1`
--

CREATE TABLE `preasessment_t1` (
  `pret1_id` int(10) NOT NULL,
  `ass_id` char(11) COLLATE utf8_unicode_ci NOT NULL,
  `title_name` tinyint(2) NOT NULL,
  `goal` tinyint(1) NOT NULL,
  `score` float(7,2) NOT NULL
) ENGINE=InnoDB DEFAULT CHARSET=utf8 COLLATE=utf8_unicode_ci;

--
-- Dumping data for table `preasessment_t1`
--

INSERT INTO `preasessment_t1` (`pret1_id`, `ass_id`, `title_name`, `goal`, `score`) VALUES
(172, 'PRE62253067', 1, 5, 5.00),
(173, 'PRE62253067', 2, 4, 4.00),
(174, 'PRE62253067', 3, 3, 3.00),
(175, 'PRE62253067', 4, 4, 4.00),
(176, 'PRE62253067', 5, 5, 5.00),
(177, 'PRE62201118', 1, 3, 3.00),
(178, 'PRE62201118', 2, 3, 3.00),
(179, 'PRE62201118', 3, 3, 3.00),
(180, 'PRE62201118', 4, 3, 3.00),
(181, 'PRE62201118', 5, 4, 4.00),
(182, 'PRE62206149', 1, 4, 4.00),
(183, 'PRE62206149', 2, 4, 4.00),
(184, 'PRE62206149', 3, 3, 3.00),
(185, 'PRE62206149', 4, 3, 3.00),
(186, 'PRE62206149', 5, 3, 3.00),
(187, 'PRE62232071', 1, 3, 3.00),
(188, 'PRE62232071', 2, 2, 2.00),
(189, 'PRE62232071', 3, 3, 3.00),
(190, 'PRE62232071', 4, 4, 4.00),
(191, 'PRE62232071', 5, 2, 2.00);

-- --------------------------------------------------------

--
-- Table structure for table `relations`
--

CREATE TABLE `relations` (
  `re_id` mediumint(5) NOT NULL,
  `re_title` varchar(100) COLLATE utf8_unicode_ci NOT NULL,
  `re_detail` text COLLATE utf8_unicode_ci NOT NULL,
  `re_date` date NOT NULL,
  `staff_id` int(10) NOT NULL
) ENGINE=MyISAM DEFAULT CHARSET=utf8 COLLATE=utf8_unicode_ci;

--
-- Dumping data for table `relations`
--

INSERT INTO `relations` (`re_id`, `re_title`, `re_detail`, `re_date`, `staff_id`) VALUES
(1, 'ทดสอบระบบ', '<p>ทดสอบระบบ ; 14/04/2019</p>\r\n', '2019-04-03', 1000000001);

-- --------------------------------------------------------

--
-- Table structure for table `staffs`
--

CREATE TABLE `staffs` (
  `st_id` int(10) NOT NULL,
  `user` varchar(11) COLLATE utf8_unicode_ci NOT NULL,
  `pwd` varchar(11) COLLATE utf8_unicode_ci NOT NULL,
  `branch_id` tinyint(2) NOT NULL,
  `code` char(17) COLLATE utf8_unicode_ci NOT NULL,
  `prefix` varchar(100) COLLATE utf8_unicode_ci NOT NULL,
  `fname` varchar(100) COLLATE utf8_unicode_ci NOT NULL,
  `lname` varchar(100) COLLATE utf8_unicode_ci NOT NULL,
  `salary` float(7,2) NOT NULL,
  `aca_code` varchar(100) COLLATE utf8_unicode_ci NOT NULL,
  `acadeic` tinyint(2) NOT NULL,
  `leves` varchar(255) COLLATE utf8_unicode_ci NOT NULL,
  `other` varchar(255) COLLATE utf8_unicode_ci NOT NULL,
  `startdate` date NOT NULL,
  `permiss_id` tinyint(2) NOT NULL,
  `position` tinyint(2) NOT NULL,
  `picture` varchar(100) COLLATE utf8_unicode_ci NOT NULL,
  `savetime` timestamp NOT NULL DEFAULT CURRENT_TIMESTAMP ON UPDATE CURRENT_TIMESTAMP
) ENGINE=InnoDB DEFAULT CHARSET=utf8 COLLATE=utf8_unicode_ci;

--
-- Dumping data for table `staffs`
--

INSERT INTO `staffs` (`st_id`, `user`, `pwd`, `branch_id`, `code`, `prefix`, `fname`, `lname`, `salary`, `aca_code`, `acadeic`, `leves`, `other`, `startdate`, `permiss_id`, `position`, `picture`, `savetime`) VALUES
(6205067, 'good', '12345', 3, '1245685654215', 'นาย', 'จักรพันธ์', 'สมบัติดี', 19000.00, 'go1012', 1, 'ไม่มี', 'ไม่มี', '2015-04-01', 2, 1, '1zb0ywv0i3_562000001046401.jpg', '2019-05-20 04:07:23'),
(6205118, 'good2', '12345', 3, '1350215458545', 'นางสาว', 'แสนสวย', 'รวยมาลัย', 19000.00, 'go0124', 2, 'ไม่มี', 'ไม่มี', '2016-01-06', 3, 2, '', '2019-05-20 04:11:20'),
(6205149, 'asd123', '12345', 3, '1535242452125', 'นาย', 'อภิรักษ์', 'จันทรมณี', 19000.00, 'go45211', 1, 'ไม่มี', 'ไม่มี', '2014-07-06', 4, 3, '', '2019-05-20 04:14:32'),
(6205180, 'test2', '12345', 1, '1542365452315', 'นาง', 'สุพรรษา', 'เล่ายี่ปา', 30000.00, 'adf45', 1, 'ไม่มี', 'ไม่มี', '2017-03-13', 5, 4, '', '2019-05-20 04:17:12'),
(62050713, 'eng01', '12345', 1, '1789045432345', 'นางสาว', 'คำหล้า', 'กุลกาล', 29098.00, 'asd112233', 3, 'ไม่มี', 'ไม่มี', '2010-01-01', 3, 2, '', '2019-05-20 04:00:59'),
(62051014, 'eng02', '12345', 1, '1765434567654', 'นาย', 'วรพงค์', 'คำแก้ว', 29000.00, 'des2211', 1, 'ไม่มี', 'ไม่มี', '2015-11-10', 2, 1, '', '2019-05-20 04:15:10'),
(62052011, 'mg01', '12345', 2, '1542423512542', 'นาง', 'ปรียานุช', 'แก้วฟู', 19000.00, 'ae451', 1, 'ไม่มี', 'ไม่มี', '2018-05-21', 2, 1, '', '2019-05-20 04:23:10'),
(62052212, 'mg02', '12345', 2, '1352546521254', 'นาย', 'ธนภัทร์', 'อยู่ดำรง', 29000.00, 'mk4511', 1, 'ไม่มี', 'ไม่มี', '2018-04-15', 3, 2, '', '2019-05-20 04:22:54'),
(62052413, 'mg03', '12345', 2, '1356452125452', 'นางสาว', 'อรฤดี', 'ศรีสง่า', 19000.00, 'mg451', 1, 'ไม่มี', 'ไม่มี', '2018-12-09', 2, 1, '', '2019-05-20 04:24:56'),
(62053314, 'tou01', '12345', 10, '1245685654215', 'นาง', 'จิดาภา', 'มณีรัตน์', 19000.00, 'tor010', 1, 'ไม่มี', 'ไม่มี', '2018-03-04', 2, 1, '', '2019-05-20 04:33:52'),
(62053514, 'ac01', '12345', 9, '1543565458545', 'นาง', 'กันยารัดตน์', 'จิโน', 18000.00, 'gw4511', 4, 'ไม่มี', 'ไม่มี', '2017-06-19', 2, 1, '', '2019-05-20 03:58:28'),
(62053615, 'tou02', '12345', 10, '1542423512542', 'นาง', 'พรนภา', 'ณ ลำพูน', 29000.00, 'tou1021', 1, 'ไม่มี', 'ไม่มี', '2017-03-02', 3, 2, '', '2019-05-20 04:36:45'),
(62053816, 'tou03', '12345', 10, '1542423512542', 'นาย', 'กมลภพ', 'กันตานา', 19000.00, 'tou4125', 1, 'ไม่มี', 'ไม่มี', '2016-10-11', 2, 1, '', '2019-05-20 04:41:34'),
(62054116, 'ac02', '12345', 9, '1542456587423', 'นาง', 'อรทัย', 'สัมบัติดี', 29000.00, 'ac555', 2, 'ไม่มี', 'ไม่มี', '2014-03-02', 3, 2, '', '2019-05-18 03:41:34'),
(62054417, 'asd2', '12345', 12, '1542151254254', 'นาง', 'พิมนิภา', 'เมทา', 29000.00, 'tou145124', 1, 'ไม่มี', 'ไม่มี', '2016-10-16', 4, 3, '', '2019-05-20 04:45:55'),
(62054917, 'ac03', '12345', 9, '1234567890123', 'นาง', 'กมลมาล', 'เจริญทรัพย์', 15000.00, 'asd255', 1, 'ไม่มี', 'ไม่มี', '2019-05-14', 4, 3, '', '2019-05-18 03:49:50'),
(1000000001, 'admin', '12345', 1, '1234567890123', 'นาย', 'สมชาย', 'กิติรัตนา', 99999.99, 'asd2331', 4, '0', 'ไม่มี', '2018-01-07', 1, 1, 'e810zihfvd_2344.jpg', '2019-05-20 10:48:02');

-- --------------------------------------------------------

--
-- Table structure for table `sub_capacity`
--

CREATE TABLE `sub_capacity` (
  `sub_id` smallint(6) NOT NULL,
  `cap_id` tinyint(1) NOT NULL,
  `sub_name` varchar(255) COLLATE utf8_unicode_ci NOT NULL
) ENGINE=InnoDB DEFAULT CHARSET=utf8 COLLATE=utf8_unicode_ci;

--
-- Dumping data for table `sub_capacity`
--

INSERT INTO `sub_capacity` (`sub_id`, `cap_id`, `sub_name`) VALUES
(1, 1, 'การมุ่งผลสัมฤทธิ์'),
(2, 1, 'บริการที่ดี'),
(3, 1, 'การสั่งสมความเชี่ยวชาญในงานอาชีพ'),
(4, 1, 'การยึดมั่นในความถูกต้องชอบธรรม  และจริยธรรม'),
(5, 1, 'การทำงานเป็นทีม'),
(6, 2, 'ทักษะการสอนและการให้คำปรึกษาแก่นักศึกษา'),
(7, 2, 'ทักษะด้านบริการวิชาการ การวิจัยและนวัตกรรม'),
(8, 2, 'ความรู้ความเชี่ยวชาญด้านวิชาการ'),
(9, 2, 'ความกระตือรือร้นและการเป็นแบบอย่างที่ดี'),
(10, 2, 'ทำนุบำรุงศิลปวัฒนธรรม'),
(11, 3, 'สภาวะผู้นำ'),
(12, 3, 'วิสัยทัศน์'),
(13, 3, 'ศักยภาพเพื่อนำการปรับเปลี่ยน'),
(14, 3, 'การสอนงานและการมอบหมายงาน\r\n'),
(15, 3, 'การควบคุมตนเอง');

-- --------------------------------------------------------

--
-- Table structure for table `sub_evaluation`
--

CREATE TABLE `sub_evaluation` (
  `se_id` tinyint(2) NOT NULL,
  `e_id` tinyint(2) NOT NULL,
  `se_name` varchar(255) COLLATE utf8_unicode_ci NOT NULL
) ENGINE=InnoDB DEFAULT CHARSET=utf8 COLLATE=utf8_unicode_ci;

--
-- Dumping data for table `sub_evaluation`
--

INSERT INTO `sub_evaluation` (`se_id`, `e_id`, `se_name`) VALUES
(1, 1, '1.1 การสอนภาคทฤษฏีระดับปริญญาตรี/โท....การสอนภาคปฏิบัติปริญญาตรี/โท.....'),
(2, 1, '1.2 การนิเทศนักศึกษา/สหกิจศึกษา/นักศึกษาฝึกสอน'),
(3, 1, '1.3 การเป็นที่ปรึกษาวิชาปัญหาพิเศษ โครงการ/โครงงาน วิทยานิพนธ์ การศึกษาเฉพาะเรื่อง/สารนิพนธ์/การค้นคว้าอิสระ/ปริญญานิพนธ์'),
(4, 1, '1.3 การเป็นที่ปรึกษาวิชาปัญหาพิเศษ โครงการ/โครงงาน วิทยานิพนธ์ การศึกษาเฉพาะเรื่อง/สารนิพนธ์/การค้นคว้าอิสระ/ปริญญานิพนธ์	'),
(5, 1, '1.5 การจัดการเรียนการสอนโดยวิธีอื่น ๆ'),
(6, 2, '2.1 งานวิจัยหรืองานสร้างสรรค์'),
(7, 2, '2.2 การเรียบเรียงตำรา หรือ หนังสือ'),
(8, 2, '2.3 บทความวิชาการ'),
(9, 2, '2.4 ผลงานวิชาการในลักษณะอื่น'),
(10, 3, '3.1 การเป็นอาจารย์พิเศษ/วิทยากร ภายในหรือภายนอกมหาวิทยาลัย'),
(11, 3, '3.2 การจัดประชุม สัมมนาฝึกอบรมและจัดนิทรรศการ แก่หน่วยงานภายนอก'),
(12, 3, '3.3 เป็นที่ปรึกษาโครงการวิจัย/วิทยานิพนธ์/เมธีวิจัย/ผู้เชี่ยวชาญ'),
(13, 3, '3.4 การรับงานที่มีรายได้เข้ามหาวิทยาลัยฯ'),
(14, 3, '3.5 การให้บริการทางวิชาการในฐานะเป็นผู้เชี่ยวชาญ'),
(15, 4, '4.1 การจัดโครงการหรือกิจกรรมทำนุบำรุงศิลป วัฒนธรรมและอนุรักษ์สิ่งแวดล้อม'),
(16, 4, '4.2 เข้าร่วมโครงการหรือกิจกรรมทำนุบำรุงศิลป วัฒนธรรมและอนุรักษ์สิ่งแวดล้อม'),
(17, 5, '5.1 การเป็นอาจารย์ ที่ปรึกษา'),
(18, 5, '5.2 การปฏิบัติงานที่ได้รับการแต่งตั้งให้ดำรงตำแหน่ง'),
(19, 5, '5.3 การปฏิบัติหน้าที่ ที่ได้รับมอบหมายอื่น ๆ	');

-- --------------------------------------------------------

--
-- Table structure for table `sum_score_assessment_t1`
--

CREATE TABLE `sum_score_assessment_t1` (
  `sum_asst1_id` int(11) NOT NULL,
  `ass_id` char(11) COLLATE utf8_unicode_ci NOT NULL,
  `sum_weight` float(7,2) NOT NULL,
  `sum_weighted` float(7,2) NOT NULL,
  `sum_asst1` float(7,2) NOT NULL
) ENGINE=InnoDB DEFAULT CHARSET=utf8 COLLATE=utf8_unicode_ci;

--
-- Dumping data for table `sum_score_assessment_t1`
--

INSERT INTO `sum_score_assessment_t1` (`sum_asst1_id`, `ass_id`, `sum_weight`, `sum_weighted`, `sum_asst1`) VALUES
(45, 'TOR62253067', 100.00, 4.70, 0.94),
(46, 'TOR62201118', 3.20, 100.00, 0.64),
(47, 'TOR62206149', 100.00, 3.60, 0.72),
(48, 'TOR62232071', 100.00, 2.80, 0.56);

-- --------------------------------------------------------

--
-- Table structure for table `sum_score_assessment_t2`
--

CREATE TABLE `sum_score_assessment_t2` (
  `sum_asst2id` int(10) NOT NULL,
  `ass_id` char(11) CHARACTER SET utf8 COLLATE utf8_unicode_ci NOT NULL,
  `sumscore` decimal(7,2) NOT NULL,
  `sum_asst2` decimal(7,2) NOT NULL
) ENGINE=InnoDB DEFAULT CHARSET=latin1;

--
-- Dumping data for table `sum_score_assessment_t2`
--

INSERT INTO `sum_score_assessment_t2` (`sum_asst2id`, `ass_id`, `sumscore`, `sum_asst2`) VALUES
(78, 'PRE62253067', '0.00', '0.00'),
(79, 'TOR62253067', '27.00', '0.90'),
(80, 'PRE62201118', '0.00', '0.00'),
(81, 'TOR62201118', '25.00', '0.83'),
(82, 'PRE62206149', '0.00', '0.00'),
(83, 'TOR62206149', '25.00', '0.83'),
(84, 'PRE62232071', '0.00', '0.00'),
(85, 'TOR62232071', '22.00', '0.73');

-- --------------------------------------------------------

--
-- Table structure for table `sum_score_assessment_t3`
--

CREATE TABLE `sum_score_assessment_t3` (
  `sumasst3_id` int(10) NOT NULL,
  `ass_id` char(11) CHARACTER SET utf8 COLLATE utf8_unicode_ci NOT NULL,
  `sum_score` decimal(7,2) NOT NULL
) ENGINE=InnoDB DEFAULT CHARSET=latin1;

--
-- Dumping data for table `sum_score_assessment_t3`
--

INSERT INTO `sum_score_assessment_t3` (`sumasst3_id`, `ass_id`, `sum_score`) VALUES
(41, 'TOR62253067', '92.80'),
(42, 'TOR62201118', '69.70'),
(43, 'TOR62206149', '75.30'),
(44, 'TOR62232071', '61.10');

-- --------------------------------------------------------

--
-- Table structure for table `tort1pre`
--

CREATE TABLE `tort1pre` (
  `tort1_id` int(10) NOT NULL,
  `tor_id` int(10) NOT NULL,
  `year_id` smallint(6) NOT NULL,
  `title_name` tinyint(2) NOT NULL,
  `tort1_goal` tinyint(1) NOT NULL,
  `tort1_score` float(7,2) NOT NULL,
  `tor_Credate` timestamp NOT NULL DEFAULT CURRENT_TIMESTAMP ON UPDATE CURRENT_TIMESTAMP
) ENGINE=InnoDB DEFAULT CHARSET=utf8 COLLATE=utf8_unicode_ci;

-- --------------------------------------------------------

--
-- Table structure for table `weights`
--

CREATE TABLE `weights` (
  `w_id` int(2) NOT NULL,
  `aca_id` tinyint(2) NOT NULL,
  `tit` tinyint(2) NOT NULL,
  `weights` int(3) NOT NULL
) ENGINE=InnoDB DEFAULT CHARSET=utf32 COLLATE=utf32_unicode_ci;

--
-- Dumping data for table `weights`
--

INSERT INTO `weights` (`w_id`, `aca_id`, `tit`, `weights`) VALUES
(1, 1, 1, 60),
(2, 1, 2, 0),
(3, 1, 3, 10),
(4, 1, 4, 10),
(5, 1, 5, 20),
(6, 3, 1, 50),
(7, 3, 2, 10),
(8, 3, 3, 10),
(9, 3, 4, 10),
(10, 3, 5, 20),
(11, 2, 1, 40),
(12, 2, 2, 20),
(13, 2, 3, 10),
(14, 2, 4, 10),
(15, 2, 5, 20),
(16, 4, 1, 30),
(17, 4, 2, 30),
(18, 4, 3, 10),
(19, 4, 4, 10),
(20, 4, 5, 20);

-- --------------------------------------------------------

--
-- Table structure for table `work_hour`
--

CREATE TABLE `work_hour` (
  `hw_id` int(3) NOT NULL,
  `aca_id` tinyint(2) NOT NULL,
  `e_id` tinyint(2) NOT NULL,
  `min_hour` varchar(50) COLLATE utf8_unicode_ci NOT NULL
) ENGINE=InnoDB DEFAULT CHARSET=utf8 COLLATE=utf8_unicode_ci;

--
-- Dumping data for table `work_hour`
--

INSERT INTO `work_hour` (`hw_id`, `aca_id`, `e_id`, `min_hour`) VALUES
(1, 1, 1, '(ภาระงานขั้นต่ำ ๒๐ ชั่วโมงทำงาน/สัปดาห์)'),
(2, 1, 2, 'ภาระงานขั้นต่ำ  ไม่มี'),
(3, 1, 3, '(มีภาระงานขั้นต่ำ ๔ ชั่วโมงทำงาน/สัปดาห์)'),
(4, 1, 4, '(มีภาระงานขั้นต่ำ  ๔ ชั่วโมงทำงาน/สัปดาห์)'),
(5, 1, 5, '(มีภาระงานขั้นต่ำ  ๘ ชั่วโมงทำงาน/สัปดาห์)'),
(6, 2, 1, ' (ภาระงานขั้นต่ำ ๘ ชั่วโมงทำงาน/สัปดาห์)'),
(7, 2, 2, '(ภาระงานขั้นต่ำ ๑๒ ชั่วโมงทำงาน/สัปดาห์)'),
(8, 2, 3, '(มีภาระงานขั้นต่ำ  ๔ ชั่วโมงทำงาน/สัปดาห์)'),
(9, 2, 4, '(มีภาระงานขั้นต่ำ  ๔ ชั่วโมงทำงาน/สัปดาห์)'),
(10, 2, 5, '(มีภาระงานขั้นต่ำ  ๘ ชั่วโมงทำงาน/สัปดาห์)'),
(11, 3, 1, '(ภาระงานขั้นต่ำ ๑๒ ชั่วโมงทำงาน/สัปดาห์)'),
(12, 3, 2, '(ภาระงานขั้นต่ำ ๘ ชั่วโมงทำงาน/สัปดาห์)'),
(13, 3, 3, '(มีภาระงานขั้นต่ำ  ๔ ชั่วโมงทำงาน/สัปดาห์)'),
(14, 3, 4, '(มีภาระงานขั้นต่ำ ๔ ชั่วโมงทำงาน/สัปดาห์)'),
(15, 3, 5, '(มีภาระงานขั้นต่ำ  ๘ ชั่วโมงทำงาน/สัปดาห์)'),
(16, 4, 1, '(ภาระงานขั้นต่ำ ๑๖ ชั่วโมงทำงาน/สัปดาห์)'),
(17, 4, 2, ' (ภาระงานขั้นต่ำ ๔ ชั่วโมงทำงาน/สัปดาห์)'),
(18, 4, 3, '(มีภาระงานขั้นต่ำ ๔ ชั่วโมงทำงาน/สัปดาห์)'),
(19, 4, 4, '(มีภาระงานขั้นต่ำ  ๔ ชั่วโมงทำงาน/สัปดาห์)'),
(20, 4, 5, '(มีภาระงานขั้นต่ำ  ๘ ชั่วโมงทำงาน/สัปดาห์)');

-- --------------------------------------------------------

--
-- Table structure for table `years`
--

CREATE TABLE `years` (
  `y_id` smallint(6) NOT NULL,
  `y_year` year(4) NOT NULL,
  `y_no` tinyint(1) NOT NULL,
  `y_start` date NOT NULL,
  `y_end` date NOT NULL
) ENGINE=InnoDB DEFAULT CHARSET=utf8 COLLATE=utf8_unicode_ci;

--
-- Dumping data for table `years`
--

INSERT INTO `years` (`y_id`, `y_year`, `y_no`, `y_start`, `y_end`) VALUES
(25611, 2018, 1, '2018-10-01', '2019-03-31'),
(25612, 2018, 2, '2019-04-01', '2020-09-30'),
(25621, 2019, 1, '2020-10-01', '2021-03-31'),
(25622, 2019, 2, '2021-04-01', '2022-09-30'),
(25631, 2020, 1, '2021-10-01', '2022-03-31'),
(25632, 2020, 2, '2022-04-01', '2023-09-30'),
(25641, 2021, 1, '2022-10-01', '2023-03-31');

--
-- Indexes for dumped tables
--

--
-- Indexes for table `absence`
--
ALTER TABLE `absence`
  ADD PRIMARY KEY (`ab_id`),
  ADD KEY `idl_type` (`abt_name`),
  ADD KEY `year_id` (`year_id`),
  ADD KEY `gen_id` (`staff`);

--
-- Indexes for table `absence_type`
--
ALTER TABLE `absence_type`
  ADD PRIMARY KEY (`abt_id`);

--
-- Indexes for table `academic`
--
ALTER TABLE `academic`
  ADD PRIMARY KEY (`aca_id`);

--
-- Indexes for table `aptitudes`
--
ALTER TABLE `aptitudes`
  ADD PRIMARY KEY (`atb_id`),
  ADD KEY `aca_id` (`aca_id`),
  ADD KEY `tort2_subtit` (`subcap_id`);

--
-- Indexes for table `asessment_t1`
--
ALTER TABLE `asessment_t1`
  ADD PRIMARY KEY (`asst1_id`),
  ADD KEY `ass_id` (`ass_id`),
  ADD KEY `title_name` (`title_name`);

--
-- Indexes for table `asessment_t2`
--
ALTER TABLE `asessment_t2`
  ADD PRIMARY KEY (`asst2_id`),
  ADD KEY `tor_id` (`ass_id`),
  ADD KEY `tort2_sub_id` (`subcap_id`);

--
-- Indexes for table `asessment_t3`
--
ALTER TABLE `asessment_t3`
  ADD PRIMARY KEY (`asst3_id`),
  ADD KEY `tor_id` (`ass_id`);

--
-- Indexes for table `asessment_t4`
--
ALTER TABLE `asessment_t4`
  ADD PRIMARY KEY (`asst4_id`),
  ADD KEY `tort4_ibfk_1` (`ass_id`);

--
-- Indexes for table `asessment_t5`
--
ALTER TABLE `asessment_t5`
  ADD PRIMARY KEY (`asst5_id`),
  ADD KEY `tort5_ibfk_1` (`ass_id`);

--
-- Indexes for table `asessment_t6`
--
ALTER TABLE `asessment_t6`
  ADD PRIMARY KEY (`ass6_id`),
  ADD KEY `tor_id` (`ass_id`);

--
-- Indexes for table `assessments`
--
ALTER TABLE `assessments`
  ADD PRIMARY KEY (`ass_id`),
  ADD KEY `staff` (`staff`),
  ADD KEY `leader` (`leader`),
  ADD KEY `year_id` (`year_id`);

--
-- Indexes for table `assessment_t2_skill`
--
ALTER TABLE `assessment_t2_skill`
  ADD PRIMARY KEY (`asst2_skid`),
  ADD KEY `tort_id` (`ass_id`);

--
-- Indexes for table `branchs`
--
ALTER TABLE `branchs`
  ADD PRIMARY KEY (`br_id`),
  ADD KEY `branch_id` (`dept_id`);

--
-- Indexes for table `capacity`
--
ALTER TABLE `capacity`
  ADD PRIMARY KEY (`cap_id`);

--
-- Indexes for table `chk_absence`
--
ALTER TABLE `chk_absence`
  ADD PRIMARY KEY (`chk_id`),
  ADD KEY `year_id` (`year_id`),
  ADD KEY `staff_id` (`staff_id`);

--
-- Indexes for table `conditions`
--
ALTER TABLE `conditions`
  ADD PRIMARY KEY (`con_id`),
  ADD KEY `aca_id` (`aca_id`),
  ADD KEY `e_name` (`e_name`);

--
-- Indexes for table `degree`
--
ALTER TABLE `degree`
  ADD PRIMARY KEY (`degree_id`),
  ADD UNIQUE KEY `degree_id` (`degree_id`);

--
-- Indexes for table `departments`
--
ALTER TABLE `departments`
  ADD PRIMARY KEY (`dept_id`);

--
-- Indexes for table `education`
--
ALTER TABLE `education`
  ADD PRIMARY KEY (`ed_id`),
  ADD KEY `degree_id` (`degree_id`),
  ADD KEY `gen_id` (`staff_id`);

--
-- Indexes for table `evaluation`
--
ALTER TABLE `evaluation`
  ADD PRIMARY KEY (`e_id`);

--
-- Indexes for table `evidence`
--
ALTER TABLE `evidence`
  ADD PRIMARY KEY (`evd_id`),
  ADD KEY `ass_id` (`ass_id`),
  ADD KEY `st_id` (`st_id`);

--
-- Indexes for table `evidence_file`
--
ALTER TABLE `evidence_file`
  ADD PRIMARY KEY (`evd_file_id`),
  ADD KEY `evd_id` (`evd_id`),
  ADD KEY `se_id` (`se_id`);

--
-- Indexes for table `evidence_text`
--
ALTER TABLE `evidence_text`
  ADD PRIMARY KEY (`evd_text_id`),
  ADD KEY `evd_id` (`evd_id`),
  ADD KEY `se_id` (`se_id`);

--
-- Indexes for table `permissions`
--
ALTER TABLE `permissions`
  ADD PRIMARY KEY (`permiss_id`);

--
-- Indexes for table `position`
--
ALTER TABLE `position`
  ADD PRIMARY KEY (`pos_id`);

--
-- Indexes for table `preasessment_t1`
--
ALTER TABLE `preasessment_t1`
  ADD PRIMARY KEY (`pret1_id`),
  ADD KEY `ass_id` (`ass_id`);

--
-- Indexes for table `relations`
--
ALTER TABLE `relations`
  ADD PRIMARY KEY (`re_id`);

--
-- Indexes for table `staffs`
--
ALTER TABLE `staffs`
  ADD PRIMARY KEY (`st_id`),
  ADD KEY `gen_pos` (`position`),
  ADD KEY `gen_acadeic` (`acadeic`),
  ADD KEY `branch_id` (`branch_id`),
  ADD KEY `permiss_id` (`permiss_id`);

--
-- Indexes for table `sub_capacity`
--
ALTER TABLE `sub_capacity`
  ADD PRIMARY KEY (`sub_id`),
  ADD KEY `tort2_tit_id` (`cap_id`);

--
-- Indexes for table `sub_evaluation`
--
ALTER TABLE `sub_evaluation`
  ADD PRIMARY KEY (`se_id`),
  ADD KEY `e_id` (`e_id`);

--
-- Indexes for table `sum_score_assessment_t1`
--
ALTER TABLE `sum_score_assessment_t1`
  ADD PRIMARY KEY (`sum_asst1_id`),
  ADD KEY `tort_id` (`ass_id`);

--
-- Indexes for table `sum_score_assessment_t2`
--
ALTER TABLE `sum_score_assessment_t2`
  ADD PRIMARY KEY (`sum_asst2id`),
  ADD KEY `tor_id` (`ass_id`);

--
-- Indexes for table `sum_score_assessment_t3`
--
ALTER TABLE `sum_score_assessment_t3`
  ADD PRIMARY KEY (`sumasst3_id`),
  ADD KEY `tor_id` (`ass_id`);

--
-- Indexes for table `tort1pre`
--
ALTER TABLE `tort1pre`
  ADD PRIMARY KEY (`tort1_id`),
  ADD KEY `tor_id` (`tor_id`),
  ADD KEY `year_id` (`year_id`);

--
-- Indexes for table `work_hour`
--
ALTER TABLE `work_hour`
  ADD PRIMARY KEY (`hw_id`),
  ADD KEY `evaluation_ibfk_1` (`aca_id`),
  ADD KEY `e_id` (`e_id`);

--
-- Indexes for table `years`
--
ALTER TABLE `years`
  ADD PRIMARY KEY (`y_id`);

--
-- AUTO_INCREMENT for dumped tables
--

--
-- AUTO_INCREMENT for table `absence`
--
ALTER TABLE `absence`
  MODIFY `ab_id` int(10) NOT NULL AUTO_INCREMENT, AUTO_INCREMENT=127;

--
-- AUTO_INCREMENT for table `asessment_t1`
--
ALTER TABLE `asessment_t1`
  MODIFY `asst1_id` int(10) NOT NULL AUTO_INCREMENT, AUTO_INCREMENT=241;

--
-- AUTO_INCREMENT for table `asessment_t2`
--
ALTER TABLE `asessment_t2`
  MODIFY `asst2_id` int(11) NOT NULL AUTO_INCREMENT, AUTO_INCREMENT=867;

--
-- AUTO_INCREMENT for table `asessment_t3`
--
ALTER TABLE `asessment_t3`
  MODIFY `asst3_id` int(10) NOT NULL AUTO_INCREMENT, AUTO_INCREMENT=133;

--
-- AUTO_INCREMENT for table `asessment_t4`
--
ALTER TABLE `asessment_t4`
  MODIFY `asst4_id` int(10) NOT NULL AUTO_INCREMENT, AUTO_INCREMENT=45;

--
-- AUTO_INCREMENT for table `asessment_t5`
--
ALTER TABLE `asessment_t5`
  MODIFY `asst5_id` int(10) NOT NULL AUTO_INCREMENT, AUTO_INCREMENT=44;

--
-- AUTO_INCREMENT for table `asessment_t6`
--
ALTER TABLE `asessment_t6`
  MODIFY `ass6_id` int(10) NOT NULL AUTO_INCREMENT, AUTO_INCREMENT=45;

--
-- AUTO_INCREMENT for table `assessment_t2_skill`
--
ALTER TABLE `assessment_t2_skill`
  MODIFY `asst2_skid` int(10) NOT NULL AUTO_INCREMENT, AUTO_INCREMENT=337;

--
-- AUTO_INCREMENT for table `branchs`
--
ALTER TABLE `branchs`
  MODIFY `br_id` tinyint(2) NOT NULL AUTO_INCREMENT, AUTO_INCREMENT=14;

--
-- AUTO_INCREMENT for table `chk_absence`
--
ALTER TABLE `chk_absence`
  MODIFY `chk_id` int(11) NOT NULL AUTO_INCREMENT, AUTO_INCREMENT=8;

--
-- AUTO_INCREMENT for table `degree`
--
ALTER TABLE `degree`
  MODIFY `degree_id` tinyint(1) NOT NULL AUTO_INCREMENT, AUTO_INCREMENT=4;

--
-- AUTO_INCREMENT for table `departments`
--
ALTER TABLE `departments`
  MODIFY `dept_id` tinyint(2) NOT NULL AUTO_INCREMENT, AUTO_INCREMENT=4;

--
-- AUTO_INCREMENT for table `education`
--
ALTER TABLE `education`
  MODIFY `ed_id` int(10) NOT NULL AUTO_INCREMENT, AUTO_INCREMENT=63;

--
-- AUTO_INCREMENT for table `evidence_file`
--
ALTER TABLE `evidence_file`
  MODIFY `evd_file_id` int(11) NOT NULL AUTO_INCREMENT, AUTO_INCREMENT=15;

--
-- AUTO_INCREMENT for table `evidence_text`
--
ALTER TABLE `evidence_text`
  MODIFY `evd_text_id` int(11) NOT NULL AUTO_INCREMENT, AUTO_INCREMENT=14;

--
-- AUTO_INCREMENT for table `preasessment_t1`
--
ALTER TABLE `preasessment_t1`
  MODIFY `pret1_id` int(10) NOT NULL AUTO_INCREMENT, AUTO_INCREMENT=192;

--
-- AUTO_INCREMENT for table `relations`
--
ALTER TABLE `relations`
  MODIFY `re_id` mediumint(5) NOT NULL AUTO_INCREMENT, AUTO_INCREMENT=2;

--
-- AUTO_INCREMENT for table `staffs`
--
ALTER TABLE `staffs`
  MODIFY `st_id` int(10) NOT NULL AUTO_INCREMENT, AUTO_INCREMENT=1000000002;

--
-- AUTO_INCREMENT for table `sub_evaluation`
--
ALTER TABLE `sub_evaluation`
  MODIFY `se_id` tinyint(2) NOT NULL AUTO_INCREMENT, AUTO_INCREMENT=20;

--
-- AUTO_INCREMENT for table `sum_score_assessment_t1`
--
ALTER TABLE `sum_score_assessment_t1`
  MODIFY `sum_asst1_id` int(11) NOT NULL AUTO_INCREMENT, AUTO_INCREMENT=49;

--
-- AUTO_INCREMENT for table `sum_score_assessment_t2`
--
ALTER TABLE `sum_score_assessment_t2`
  MODIFY `sum_asst2id` int(10) NOT NULL AUTO_INCREMENT, AUTO_INCREMENT=86;

--
-- AUTO_INCREMENT for table `sum_score_assessment_t3`
--
ALTER TABLE `sum_score_assessment_t3`
  MODIFY `sumasst3_id` int(10) NOT NULL AUTO_INCREMENT, AUTO_INCREMENT=45;

--
-- AUTO_INCREMENT for table `tort1pre`
--
ALTER TABLE `tort1pre`
  MODIFY `tort1_id` int(10) NOT NULL AUTO_INCREMENT;

--
-- AUTO_INCREMENT for table `work_hour`
--
ALTER TABLE `work_hour`
  MODIFY `hw_id` int(3) NOT NULL AUTO_INCREMENT, AUTO_INCREMENT=21;

--
-- Constraints for dumped tables
--

--
-- Constraints for table `absence`
--
ALTER TABLE `absence`
  ADD CONSTRAINT `absence_ibfk_1` FOREIGN KEY (`abt_name`) REFERENCES `absence_type` (`abt_id`) ON DELETE CASCADE ON UPDATE CASCADE,
  ADD CONSTRAINT `absence_ibfk_2` FOREIGN KEY (`year_id`) REFERENCES `years` (`y_id`) ON DELETE CASCADE ON UPDATE CASCADE,
  ADD CONSTRAINT `absence_ibfk_3` FOREIGN KEY (`staff`) REFERENCES `staffs` (`st_id`) ON DELETE CASCADE ON UPDATE CASCADE;

--
-- Constraints for table `aptitudes`
--
ALTER TABLE `aptitudes`
  ADD CONSTRAINT `aptitudes_ibfk_1` FOREIGN KEY (`aca_id`) REFERENCES `academic` (`aca_id`) ON DELETE CASCADE ON UPDATE CASCADE,
  ADD CONSTRAINT `aptitudes_ibfk_2` FOREIGN KEY (`subcap_id`) REFERENCES `sub_capacity` (`sub_id`) ON DELETE CASCADE ON UPDATE CASCADE;

--
-- Constraints for table `asessment_t1`
--
ALTER TABLE `asessment_t1`
  ADD CONSTRAINT `asessment_t1_ibfk_2` FOREIGN KEY (`title_name`) REFERENCES `evaluation` (`e_id`) ON DELETE CASCADE ON UPDATE CASCADE,
  ADD CONSTRAINT `asessment_t1_ibfk_3` FOREIGN KEY (`ass_id`) REFERENCES `assessments` (`ass_id`) ON DELETE CASCADE ON UPDATE CASCADE;

--
-- Constraints for table `asessment_t2`
--
ALTER TABLE `asessment_t2`
  ADD CONSTRAINT `asessment_t2_ibfk_2` FOREIGN KEY (`subcap_id`) REFERENCES `sub_capacity` (`sub_id`) ON DELETE CASCADE ON UPDATE CASCADE,
  ADD CONSTRAINT `asessment_t2_ibfk_3` FOREIGN KEY (`ass_id`) REFERENCES `assessments` (`ass_id`) ON DELETE CASCADE ON UPDATE CASCADE;

--
-- Constraints for table `asessment_t3`
--
ALTER TABLE `asessment_t3`
  ADD CONSTRAINT `asessment_t3_ibfk_1` FOREIGN KEY (`ass_id`) REFERENCES `assessments` (`ass_id`) ON DELETE CASCADE ON UPDATE CASCADE;

--
-- Constraints for table `asessment_t4`
--
ALTER TABLE `asessment_t4`
  ADD CONSTRAINT `asessment_t4_ibfk_1` FOREIGN KEY (`ass_id`) REFERENCES `assessments` (`ass_id`) ON DELETE CASCADE ON UPDATE CASCADE;

--
-- Constraints for table `asessment_t5`
--
ALTER TABLE `asessment_t5`
  ADD CONSTRAINT `asessment_t5_ibfk_1` FOREIGN KEY (`ass_id`) REFERENCES `assessments` (`ass_id`) ON DELETE CASCADE ON UPDATE CASCADE;

--
-- Constraints for table `asessment_t6`
--
ALTER TABLE `asessment_t6`
  ADD CONSTRAINT `asessment_t6_ibfk_1` FOREIGN KEY (`ass_id`) REFERENCES `assessments` (`ass_id`) ON DELETE CASCADE ON UPDATE CASCADE;

--
-- Constraints for table `assessments`
--
ALTER TABLE `assessments`
  ADD CONSTRAINT `assessments_ibfk_1` FOREIGN KEY (`staff`) REFERENCES `staffs` (`st_id`) ON DELETE CASCADE ON UPDATE CASCADE,
  ADD CONSTRAINT `assessments_ibfk_2` FOREIGN KEY (`leader`) REFERENCES `staffs` (`st_id`) ON DELETE CASCADE ON UPDATE CASCADE,
  ADD CONSTRAINT `assessments_ibfk_3` FOREIGN KEY (`year_id`) REFERENCES `years` (`y_id`) ON DELETE CASCADE ON UPDATE CASCADE;

--
-- Constraints for table `assessment_t2_skill`
--
ALTER TABLE `assessment_t2_skill`
  ADD CONSTRAINT `assessment_t2_skill_ibfk_1` FOREIGN KEY (`ass_id`) REFERENCES `assessments` (`ass_id`) ON DELETE CASCADE ON UPDATE CASCADE;

--
-- Constraints for table `branchs`
--
ALTER TABLE `branchs`
  ADD CONSTRAINT `branchs_ibfk_1` FOREIGN KEY (`dept_id`) REFERENCES `departments` (`dept_id`) ON DELETE CASCADE ON UPDATE CASCADE;

--
-- Constraints for table `chk_absence`
--
ALTER TABLE `chk_absence`
  ADD CONSTRAINT `chk_absence_ibfk_1` FOREIGN KEY (`year_id`) REFERENCES `years` (`y_id`) ON DELETE CASCADE ON UPDATE CASCADE,
  ADD CONSTRAINT `chk_absence_ibfk_2` FOREIGN KEY (`staff_id`) REFERENCES `staffs` (`st_id`) ON DELETE CASCADE ON UPDATE CASCADE;

--
-- Constraints for table `conditions`
--
ALTER TABLE `conditions`
  ADD CONSTRAINT `conditions_ibfk_1` FOREIGN KEY (`aca_id`) REFERENCES `academic` (`aca_id`) ON DELETE CASCADE ON UPDATE CASCADE,
  ADD CONSTRAINT `conditions_ibfk_2` FOREIGN KEY (`e_name`) REFERENCES `evaluation` (`e_id`) ON DELETE CASCADE ON UPDATE CASCADE;

--
-- Constraints for table `education`
--
ALTER TABLE `education`
  ADD CONSTRAINT `education_ibfk_1` FOREIGN KEY (`degree_id`) REFERENCES `degree` (`degree_id`) ON DELETE CASCADE ON UPDATE CASCADE,
  ADD CONSTRAINT `education_ibfk_2` FOREIGN KEY (`staff_id`) REFERENCES `staffs` (`st_id`) ON DELETE CASCADE ON UPDATE CASCADE;

--
-- Constraints for table `evidence`
--
ALTER TABLE `evidence`
  ADD CONSTRAINT `evidence_ibfk_2` FOREIGN KEY (`st_id`) REFERENCES `staffs` (`st_id`) ON DELETE CASCADE ON UPDATE CASCADE,
  ADD CONSTRAINT `evidence_ibfk_3` FOREIGN KEY (`ass_id`) REFERENCES `assessments` (`ass_id`) ON DELETE CASCADE ON UPDATE CASCADE;

--
-- Constraints for table `evidence_file`
--
ALTER TABLE `evidence_file`
  ADD CONSTRAINT `evidence_file_ibfk_2` FOREIGN KEY (`se_id`) REFERENCES `sub_evaluation` (`se_id`) ON DELETE CASCADE ON UPDATE CASCADE,
  ADD CONSTRAINT `evidence_file_ibfk_3` FOREIGN KEY (`evd_id`) REFERENCES `evidence` (`evd_id`) ON DELETE CASCADE ON UPDATE CASCADE;

--
-- Constraints for table `evidence_text`
--
ALTER TABLE `evidence_text`
  ADD CONSTRAINT `evidence_text_ibfk_2` FOREIGN KEY (`se_id`) REFERENCES `sub_evaluation` (`se_id`) ON DELETE CASCADE ON UPDATE CASCADE,
  ADD CONSTRAINT `evidence_text_ibfk_3` FOREIGN KEY (`evd_id`) REFERENCES `evidence` (`evd_id`) ON DELETE CASCADE ON UPDATE CASCADE;

--
-- Constraints for table `preasessment_t1`
--
ALTER TABLE `preasessment_t1`
  ADD CONSTRAINT `preasessment_t1_ibfk_1` FOREIGN KEY (`ass_id`) REFERENCES `assessments` (`ass_id`) ON DELETE CASCADE ON UPDATE CASCADE;

--
-- Constraints for table `staffs`
--
ALTER TABLE `staffs`
  ADD CONSTRAINT `staffs_ibfk_1` FOREIGN KEY (`branch_id`) REFERENCES `branchs` (`br_id`) ON DELETE CASCADE ON UPDATE CASCADE,
  ADD CONSTRAINT `staffs_ibfk_2` FOREIGN KEY (`acadeic`) REFERENCES `academic` (`aca_id`) ON DELETE CASCADE ON UPDATE CASCADE,
  ADD CONSTRAINT `staffs_ibfk_3` FOREIGN KEY (`position`) REFERENCES `position` (`pos_id`) ON DELETE CASCADE ON UPDATE CASCADE,
  ADD CONSTRAINT `staffs_ibfk_4` FOREIGN KEY (`permiss_id`) REFERENCES `permissions` (`permiss_id`) ON DELETE CASCADE ON UPDATE CASCADE;

--
-- Constraints for table `sub_capacity`
--
ALTER TABLE `sub_capacity`
  ADD CONSTRAINT `sub_capacity_ibfk_1` FOREIGN KEY (`cap_id`) REFERENCES `capacity` (`cap_id`) ON DELETE CASCADE ON UPDATE CASCADE;

--
-- Constraints for table `sum_score_assessment_t1`
--
ALTER TABLE `sum_score_assessment_t1`
  ADD CONSTRAINT `sum_score_assessment_t1_ibfk_1` FOREIGN KEY (`ass_id`) REFERENCES `assessments` (`ass_id`) ON DELETE CASCADE ON UPDATE CASCADE;

--
-- Constraints for table `sum_score_assessment_t2`
--
ALTER TABLE `sum_score_assessment_t2`
  ADD CONSTRAINT `sum_score_assessment_t2_ibfk_1` FOREIGN KEY (`ass_id`) REFERENCES `assessments` (`ass_id`) ON DELETE CASCADE ON UPDATE CASCADE;

--
-- Constraints for table `sum_score_assessment_t3`
--
ALTER TABLE `sum_score_assessment_t3`
  ADD CONSTRAINT `sum_score_assessment_t3_ibfk_1` FOREIGN KEY (`ass_id`) REFERENCES `assessments` (`ass_id`) ON DELETE CASCADE ON UPDATE CASCADE;

--
-- Constraints for table `tort1pre`
--
ALTER TABLE `tort1pre`
  ADD CONSTRAINT `tort1pre_ibfk_2` FOREIGN KEY (`year_id`) REFERENCES `years` (`y_id`) ON DELETE CASCADE ON UPDATE CASCADE;

--
-- Constraints for table `work_hour`
--
ALTER TABLE `work_hour`
  ADD CONSTRAINT `work_hour_ibfk_1` FOREIGN KEY (`aca_id`) REFERENCES `academic` (`aca_id`) ON DELETE CASCADE ON UPDATE CASCADE,
  ADD CONSTRAINT `work_hour_ibfk_2` FOREIGN KEY (`e_id`) REFERENCES `evaluation` (`e_id`) ON DELETE CASCADE ON UPDATE CASCADE;
COMMIT;

/*!40101 SET CHARACTER_SET_CLIENT=@OLD_CHARACTER_SET_CLIENT */;
/*!40101 SET CHARACTER_SET_RESULTS=@OLD_CHARACTER_SET_RESULTS */;
/*!40101 SET COLLATION_CONNECTION=@OLD_COLLATION_CONNECTION */;
