-- phpMyAdmin SQL Dump
-- version 4.8.0.1
-- https://www.phpmyadmin.net/
--
-- Host: 127.0.0.1
-- Generation Time: Jan 15, 2019 at 06:51 PM
-- Server version: 10.1.32-MariaDB
-- PHP Version: 5.6.36

SET SQL_MODE = "NO_AUTO_VALUE_ON_ZERO";
SET AUTOCOMMIT = 0;
START TRANSACTION;
SET time_zone = "+00:00";


/*!40101 SET @OLD_CHARACTER_SET_CLIENT=@@CHARACTER_SET_CLIENT */;
/*!40101 SET @OLD_CHARACTER_SET_RESULTS=@@CHARACTER_SET_RESULTS */;
/*!40101 SET @OLD_COLLATION_CONNECTION=@@COLLATION_CONNECTION */;
/*!40101 SET NAMES utf8mb4 */;

--
-- Database: `assessment`
--

-- --------------------------------------------------------

--
-- Table structure for table `academic`
--

CREATE TABLE `academic` (
  `aca_id` tinyint(2) NOT NULL,
  `aca_name` varchar(50) CHARACTER SET utf8 COLLATE utf8_unicode_ci NOT NULL
) ENGINE=InnoDB DEFAULT CHARSET=utf32 COLLATE=utf32_unicode_ci;

--
-- Dumping data for table `academic`
--

INSERT INTO `academic` (`aca_id`, `aca_name`) VALUES
(1, 'อาจารย์(อ.)'),
(2, 'ศาสตราจารย์(ศ.)'),
(3, 'รองศาสตราจารย์(รศ.)'),
(4, 'ผู้ช่วยศาสตราจารย์(ผศ.)');

-- --------------------------------------------------------

--
-- Table structure for table `branch`
--

CREATE TABLE `branch` (
  `branch_id` tinyint(2) NOT NULL,
  `branch_name` varchar(100) COLLATE utf8_unicode_ci NOT NULL
) ENGINE=InnoDB DEFAULT CHARSET=utf8 COLLATE=utf8_unicode_ci;

--
-- Dumping data for table `branch`
--

INSERT INTO `branch` (`branch_id`, `branch_name`) VALUES
(1, 'บริหารธุรกิจ'),
(2, 'ศิลปศาสตร์'),
(3, 'การบัญชี');

-- --------------------------------------------------------

--
-- Table structure for table `conditions`
--

CREATE TABLE `conditions` (
  `con_id` int(10) NOT NULL,
  `aca_id` tinyint(2) NOT NULL,
  `e_name` tinyint(2) NOT NULL,
  `con_level` varchar(30) COLLATE utf8_unicode_ci NOT NULL,
  `con_con` varchar(30) COLLATE utf8_unicode_ci NOT NULL,
  `con_ex` text COLLATE utf8_unicode_ci NOT NULL
) ENGINE=InnoDB DEFAULT CHARSET=utf8 COLLATE=utf8_unicode_ci;

--
-- Dumping data for table `conditions`
--

INSERT INTO `conditions` (`con_id`, `aca_id`, `e_name`, `con_level`, `con_con`, `con_ex`) VALUES
(1, 1, 1, '1', 'น้อยกว่า 16', 'ระดับที่ ๑. มีภาระงานน้อยกว่า ๑๖ชั่วโมงทำงาน/สัปดาห์'),
(2, 1, 1, '2', '16.00 -17.99', 'มีภาระงานอยู่ระหว่าง ๑๖.๐๐ –๑๗.๙๙ ชั่วโมงทำงาน/สัปดาห์'),
(3, 1, 1, '3', '18.00 - 22.00', 'ระดับที่ ๓. มีภาระงานใกล้เคียงเกณฑ์ภาระงานขั้นต่ำ (ระหว่าง ๑๘.๐๐ –๒๒.๐๐ ชั่วโมงทำงาน/สัปดาห์) และมีแผนการสอนตาม มคอ.๓'),
(4, 1, 1, '4', '22.00 - 24.00', 'ระดับที่ ๔. มีภาระงานระหว่าง ๒๒.๐๑-๒๔.๐๐ ชั่วโมงทำงาน/สัปดาห์มีแผนการสอนตาม มคอ.๓ และ มีเอกสารประกอบการสอน/เอกสารคำสอน/ตำรา/สื่อการสอน/อุปกรณ์การสอน ทุกวิชาที่สอน หรือ  มีภาระงานระหว่าง ๒๒.๐๑-๒๔.๐๐ ชั่วโมงทำงาน/สัปดาห์ มีแผนการสอนตาม มคอ.๓และมีงานวิจัย '),
(5, 1, 1, '5', 'มากกว่า 24', 'ระดับที่ ๕. มีภาระงานมากกว่า ๒๔.๐๐ชั่วโมงทำงาน/สัปดาห์  มีแผนการสอนตาม มคอ.๓ มีการนำผลการประเมินไปปรับปรุง มีเอกสารประกอบการสอน/เอกสารคำสอน/ตำรา/สื่อการสอน/อุปกรณ์การสอน ทุกวิชาที่สอน และมีงานวิจัย'),
(6, 1, 2, '1', 'น้อยกว่า 16', 'ระดับที่ ๑. มีภาระงานน้อยกว่า ๑๖ชั่วโมงทำงาน/สัปดาห์'),
(7, 1, 2, '2', '16.00 -17.99', 'ระดับที่ ๒. มีภาระงานอยู่ระหว่าง ๑๖.๐๐ –๑๗.๙๙ ชั่วโมงทำงาน/สัปดาห์'),
(8, 1, 2, '3', '18.00 - 22.00', 'ระดับที่ ๓. มีภาระงานใกล้เคียงเกณฑ์ภาระงานขั้นต่ำ (ระหว่าง ๑๘.๐๐ –๒๒.๐๐ ชั่วโมงทำงาน/สัปดาห์) และมีแผนการสอนตาม มคอ.๓'),
(9, 1, 2, '4', '18.00 - 22.00', 'ระดับที่ ๔. มีภาระงานระหว่าง ๒๒.๐๑-๒๔.๐๐ ชั่วโมงทำงาน/สัปดาห์มีแผนการสอนตาม มคอ.๓ และ มีเอกสารประกอบการสอน/เอกสารคำสอน/ตำรา/สื่อการสอน/อุปกรณ์การสอน ทุกวิชาที่สอน หรือ  มีภาระงานระหว่าง ๒๒.๐๑-๒๔.๐๐ ชั่วโมงทำงาน/สัปดาห์ มีแผนการสอนตาม มคอ.๓และมีงานวิจัย '),
(10, 1, 2, '5', 'มากกว่า 24', 'ระดับที่ ๕. มีภาระงานมากกว่า ๒๔.๐๐ชั่วโมงทำงาน/สัปดาห์  มีแผนการสอนตาม มคอ.๓ มีการนำผลการประเมินไปปรับปรุง มีเอกสารประกอบการสอน/เอกสารคำสอน/ตำรา/สื่อการสอน/อุปกรณ์การสอน ทุกวิชาที่สอน และมีงานวิจัย'),
(11, 1, 3, '1', 'ต่ำกว่า 3.20', 'ระดับที่ ๑. มีภาระงานต่ำกว่า๓.๒๐ ชั่วโมงทำงาน/สัปดาห์หรือ เป็นวิทยากรบรรยายพิเศษใน/นอกมหาวิทยาลัย ๑ ครั้งต่อรอบประเมิน หรือร่วมจัดประชุม สัมมนาฝึกอบรมและจัดนิทรรศการ แก่หน่วยงานภายนอก ๑ ครั้งต่อรอบประเมิน'),
(12, 1, 3, '2', '3.20 - 3.59', 'ระดับที่ ๒.มีภาระงานระหว่าง ๓.๒๐ – ๓.๕๙ ชั่วโมงทำงาน/สัปดาห์หรือ จัดกิจกรรมตามประกาศ ๙.๑-๙.๓   ๒ ครั้ง ต่อรอบประเมิน หรือ เป็นที่ปรึกษาร่วมโครงการพิเศษนักศึกษา ๑ เรื่อง'),
(13, 1, 3, '3', '3.60 - 4.40', 'ระดับที่ ๓. ปฎิบัติงานใกล้เคียงกับภาระงานขั้นต่ำ (ระหว่าง ๓.๖๐ -๔.๔๐ ชั่วโมงทำงาน/สัปดาห์)\r\nหรือ  มีภาระงานตามประกาศ ข้อ ๙.๑-๙.๓ หน้า ๑๑  ใด ๆ ก็ได้ ๓ เรื่อง หรือ มีภาระงานกิจกรรมใด ๆ ข้อ ก็ได้ ข้อ๙.๑-๙.๓ จำนวน ๒ เรื่อง และเป็นที่ปรึกษาร่วมโครงการวิจัยนักศึกษา ๑ เรื่อง\r\n'),
(14, 1, 3, '4', '4.41 - 4.80', 'ระดับที่ ๔.มีภาระงานระหว่าง ๔.๔๑ – ๔.๘๐ชั่วโมงทำงาน/สัปดาห์หรือมีภาระงานตามประกาศ ข้อ ๙.๑-๙.๓ หน้า ๑๑ ใด ๆ ก็ได้ ๔ เรื่อง หรือ มีภาระงานกิจกรรมใด ๆ ข้อ ก็ได้ ข้อ ๙.๑-๙.๓ จำนวน๓ เรื่อง และเป็นที่ปรึกษาโครงการวิจัยนักศึกษา ๑ เรื่อง'),
(15, 1, 3, '5', 'มากกว่า 4.80', 'ระดับที่ ๕. มีภาระงานมากกว่า ๔.๘๐ ชั่วโมงทำงาน/สัปดาห์ หรือ  มีภาระงานตามประกาศ ข้อ ๙.๑-๙.๓ หน้า ๑๑ใด ๆ ก็ได้๔ เรื่อง และสามารถหารายได้จากงานภายนอก มากกว่า ๑๐,๐๐๐ บาทหรือ มีภาระงานกิจกรรมใด ๆ ข้อ ก็ได้ ข้อ ๙.๑-๙.๓ จำนวน ๓ เรื่อง และเป็นที่ปรึกษาโครงการวิจัยนักศึกษา ๑ เรื่องและสามารถหารายได้จากงานภายนอก มากกว่า ๑๐,๐๐๐บาท ขึ้นไป หรือ สามารถหารายได้จากภายนอกตั้งแต่ ๑๐๐,๐๐๐บาท ขึ้นไป'),
(16, 1, 4, '1', ' ต่ำกว่า 3.20', 'ระดับที่ ๑. มีภาระงานต่ำกว่า ๓.๒๐ ชั่วโมงทำงาน/สัปดาห์ หรือ ร่วมกิจกรรมงานที่เกี่ยวข้องกับงานทำนุบำรุงศิลปะ วัฒนธรรมและอนุรักษ์สิ่งแวดล้อม อย่างน้อย ๑ งาน'),
(17, 1, 4, '2', '3.20 - 3.59', 'ระดับที่ ๒.มีภาระงานระหว่าง ๓.๒๐ – ๓.๕๙ ชั่วโมงทำงาน/สัปดาห์\r\nหรือ ร่วมกิจกรรมงานที่เกี่ยวข้องกับงานทำนุบำรุงศิลปะ วัฒนธรรมและอนุรักษ์สิ่งแวดล้อม อย่างน้อย ๒ งาน\r\n'),
(18, 1, 4, '3', '3.60 - 4.40', 'ระดับที่ ๓. ปฎิบัติงานใกล้เคียงกับภาระงานขั้นต่ำ (ระหว่าง ๓.๖๐ – ๔.๔๐ ชั่วโมงทำงาน/สัปดาห์)\r\nหรือ ร่วมกิจกรรมงานที่เกี่ยวข้องกับงานทำนุบำรุงศิลปะ วัฒนธรรมและอนุรักษ์สิ่งแวดล้อม อย่างน้อย ๓ งาน\r\n'),
(19, 1, 4, '4', '4.41 - 4.80', 'ระดับที่ ๔.มีภาระงานระหว่าง ๔.๔๑ – ๔.๘๐ ชั่วโมงทำงาน/สัปดาห์\r\nหรือ ร่วมกิจกรรมงานที่เกี่ยวข้องกับงานทำนุบำรุงศิลปะ วัฒนธรรมและอนุรักษ์สิ่งแวดล้อม อย่างน้อย ๔ งาน\r\n'),
(20, 1, 4, '5', 'มากกว่า 4.80', 'ระดับที่ ๕.มีภาระงานมากกว่า ๔.๘๐ชั่วโมงทำงาน/สัปดาห์ หรือ ร่วมกิจกรรมงานที่เกี่ยวข้องกับงานทำนุบำรุงศิลปะ วัฒนธรรมและอนุรักษ์สิ่งแวดล้อม อย่างน้อย ๕ งาน\r\n'),
(21, 1, 5, '1', '6.40', 'ระดับที่ ๑. มีภาระงานต่ำกว่า ๖.๔๐ ชั่วโมงทำงาน/สัปดาห์ หรือเป็นกรรมการใดกรรมการหนึ่งของหลักสูตร/แผนกวิชา/สาขาวิชา/สาขา/คณะ ๑งาน หรือกรรมการปฏิบัติเฉพาะกิจ อย่างน้อย ๒ งาน\r\n'),
(22, 1, 5, '2', '6.40 - 7.19', 'ระดับที่ ๒. มีภาระงานระหว่าง ๖.๔๐ – ๗.๑๙ ชั่วโมงทำงาน/สัปดาห์ หรือเป็นกรรมการใดกรรมการหนึ่งของหลักสูตร/แผนกวิชา/สาขาวิชา/สาขา/คณะ ๒ งาน หรือกรรมการปฏิบัติเฉพาะกิจ อย่างน้อย ๓ งาน\r\n'),
(23, 1, 5, '3', '7.20 - 8.80', 'ระดับที่ ๓. ปฎิบัติงานใกล้เคียงกับภาระงานขั้นต่ำ (ระหว่าง ๗.๒๐ – ๘.๘๐ ชั่วโมงทำงาน/สัปดาห์) หรือ เป็นอาจารย์ที่ปรึกษา หรือเป็นกรรมการใดกรรมการหนึ่งของหลักสูตร/แผนกวิชา/สาขาวิชา/สาขา/คณะ ๒ งานและกรรมการเฉพาะกิจ ๑ งาน\r\nหรือกรรมการปฏิบัติเฉพาะกิจ อย่างน้อย ๔ งาน\r\n'),
(24, 1, 5, '4', '8.81 - 9.60', 'ระดับที่ ๔.มีภาระงานระหว่าง ๘.๘๑  – ๙.๖๐ ชั่วโมงทำงาน/สัปดาห์\r\nหรือ เป็นอาจารย์ที่ปรึกษาและเป็นกรรมการใดกรรมการหนึ่ง/กรรมการเฉพาะกิจของหลักสูตร/แผนกวิชา/สาขาวิชา/สาขา/คณะ ๑ งาน หรือ เป็นกรรมการใดกรรมการหนึ่ง/กรรมการเฉพาะกิจของหลักสูตร/แผนกวิชา/สาขาวิชา/สาขา/คณะ ๔ งาน\r\n'),
(25, 1, 5, '5', '9.60 ขึ้นไป ', 'ระดับที่ ๕. มีภาระงานมากกว่า ๙.๖๐ ชั่วโมงทำงาน/สัปดาห์หรือ เป็นอาจารย์ที่ปรึกษาและเป็นกรรมการใดกรรมการหนึ่ง/กรรมการเฉพาะกิจของหลักสูตร/แผนกวิชา/สาขาวิชา/สาขา/คณะ ๒ งาน หรือ เป็นกรรมการใดกรรมการหนึ่ง/กรรมการเฉพาะกิจของหลักสูตร/แผนกวิชา/สาขาวิชา/สาขา/คณะ ๕ งาน หรือกรรมการปฏิบัติเฉพาะกิจ อย่างน้อย ๖ งาน\r\n'),
(26, 2, 1, '1', 'น้อยกว่า 6.40', 'ระดับที่ ๑. มีภาระงานน้อยกว่า ๖.๔๐ชั่วโมงทำงาน/สัปดาห์'),
(27, 2, 1, '2', '6.40 - 7.16', 'ระดับที่ ๒. มีภาระงานระหว่าง ๖.๔๐ – ๗.๑๖ ชั่วโมง ทำงาน/สัปดาห์'),
(28, 2, 1, '3', '7.13 - 8.80', 'ระดับที่ ๓. มีภาระงานใกล้เคียงเกณฑ์ภาระงานขั้นต่ำ (ระหว่าง ๗.๑๗ –๘.๘๐ ชั่วโมงทำงาน/สัปดาห์)และมีแผนการสอนตาม มคอ.๓'),
(29, 2, 1, '4', '8.81 - 9.60', 'ระดับที่ ๔. มีภาระงานมากกว่า ๘.๘๑- ๙.๖๐ ชั่วโมงทำงาน/สัปดาห์และมีแผนการสอนตาม มคอ.๓ และมีเอกสารประกอบการสอน/เอกสารคำสอน/ตำรา/สื่อการสอน/อุปกรณ์การสอน ทุกวิชาที่สอน '),
(30, 2, 1, '5', 'มากกว่า 9.61', 'ระดับที่ ๕. มีภาระงานมากกว่า ๙.๖๑ ชั่วโมงทำงาน/สัปดาห์ และมีแผนการสอนตาม มคอ.๓ มีการนำผลการประเมินไปปรับปรุง และมีเอกสารประกอบการสอน/เอกสารคำสอน/ตำรา/สื่อการสอน/อุปกรณ์การสอน ทุกวิชาที่สอน '),
(31, 2, 2, '1', '', 'ระดับที่ ๑. มีการดำเนินงานวิจัย ที่ได้รับงบประมาณจากแหล่งทุนภายนอก/ เป็นกรรมการที่เกี่ยวข้องกับงานวิจัย '),
(32, 2, 2, '2', '', 'ระดับที่ ๒. มีการดำเนินงานวิจัยและเผยแพร่ผลงานวิจัยในที่ประชุมวิชาการในระดับนานาชาติ /เข้าร่วมกิจกรรมด้านการวิจัย/นำผลงานวิจัยไปบูรณาการกับการบริการวิชาการและการเรียนการสอน'),
(33, 2, 2, '3', '', 'ระดับที่ ๓. มีการเผยแพร่บทความทางวิชาการ                                  ในวารสารวิชาการ ที่อยู่ในฐานข้อมูล เป็นที่ยอมรับในระดับสากล  โดยเป็นชื่อแรกหรือเป็นผู้เขียนหลัก(Corresponding author) '),
(34, 2, 2, '4', '', 'ระดับที่ ๔. การเผยแพร่บทความทางวิชาการในวารสารวิชาการที่อยู่ในฐานข้อมูล เป็นที่ยอมรับในระดับสากล  โดยเป็นชื่อแรกหรือเป็นผู้เขียนหลัก(Corresponding author) อย่างน้อย ๓ เรื่อง'),
(35, 2, 2, '5', '', 'ระดับที่ ๕. มีการตอบรับการตีพิมพ์ หรือตีพิมพ์ผลงานวิจัยในวารสารที่อยู่ในฐานข้อมูล เป็นที่ยอมรับในระดับสากล  โดยเป็นชื่อแรกหรือเป็นผู้เขียนหลัก(Corresponding author) อย่างน้อย  ๓ เรื่องและ ทำตำรา/หนังสือที่ได้รับการเผยแพร่ตามเกณฑ์ที่ ก.พ.อ.กำหนด'),
(36, 2, 3, '1', 'ต่ำกว่า 3.20', 'ระดับที่ ๑. มีภาระงานต่ำกว่า ๓.๒๐ ชั่วโมงทำงาน/สัปดาห์หรือ เป็นวิทยากรบรรยายพิเศษใน/นอกมหาวิทยาลัย ๑ ครั้งต่อรอบประเมิน หรือร่วมจัดประชุม สัมมนาฝึกอบรมและจัดนิทรรศการ แก่หน่วยงานภายนอก ๑ ครั้งต่อรอบประเมิน'),
(37, 2, 3, '2', '3.20 - 3.59', 'ระดับที่ ๒.มีภาระงานระหว่าง ๓.๒๐ – ๓.๕๙ ชั่วโมงทำงาน/สัปดาห์หรือ จัดกิจกรรมตามประกาศ ๙.๑-๙.๓  ๒ ครั้ง ต่อรอบประเมิน หรือ เป็นที่ปรึกษาร่วมโครงการพิเศษนักศึกษา ๑ เรื่อง'),
(38, 2, 3, '3', '3.60 - 4.40', 'ระดับที่ ๓. ปฏิบัติงานใกล้เคียงกับภาระงานขั้นต่ำ (ระหว่าง ๓.๖๐ -๔.๔๐ ชั่วโมงทำงาน/สัปดาห์)\r\nหรือ  มีภาระงานตามประกาศ ข้อ ๙.๑-๙.๓ หน้า ๑๑ ใด ๆ ก็ได้ ๓ เรื่อง หรือ มีภาระงานกิจกรรมใด ๆ ข้อ ก็ได้ ข้อ๙.๑-๙.๓จำนวน ๒ เรื่อง และเป็นที่ปรึกษาร่วมโครงการวิจัยนักศึกษา ๑ เรื่อง\r\n'),
(39, 2, 3, '4', '4.41 - 4.80', 'ระดับที่ ๔.มีภาระงานระหว่าง ๔.๔๑ – ๔.๘๐ ชั่วโมงทำงาน/สัปดาห์ หรือ  มีภาระงานตามประกาศ ข้อ ๙.๑-๙.๓ หน้า ๑๑ ใด ๆ ก็ได้ ๔ เรื่อง หรือ มีภาระงานกิจกรรมใด ๆ ข้อ ก็ได้ ข้อ๙.๑-๙.๓ จำนวน ๒ เรื่อง และเป็นที่ปรึกษาโครงการวิจัยนักศึกษา ๑ เรื่อง'),
(40, 2, 3, '5', 'มากกว่า 4.80', 'ระดับที่ ๕. มีภาระงานมากกว่า ๔.๘๐ ชั่วโมงทำงาน/สัปดาห์ หรือ  มีภาระงานตามประกาศ ข้อ ๙.๑๙.๓ หน้า ๑๑ ใด ๆ ก็ได้ ๔ เรื่อง และสามารถหารายได้จากงานภายนอก มากกว่า ๑๐,๐๐๐ หรือ มีภาระงานกิจกรรมใด ๆ ข้อ ก็ได้ ข้อ ๙.๑ -๙.๓ จำนวน ๒ เรื่อง และเป็นที่ปรึกษาโครงการวิจัยนักศึกษา ๑ เรื่องและสามารถหารายได้จากงานภายนอก มากกว่า ๑๐,๐๐๐บาท ขึ้นไป หรือ สามารถหารายได้จากภายนอกตั้งแต่ ๑๐๐,๐๐๐บาท ขึ้นไป'),
(41, 2, 4, '1', 'มากกว่า 3.20', 'ระดับที่ ๑. มีภาระงานต่ำกว่า ๓.๒๐ ชั่วโมงทำงาน/สัปดาห์ หรือ ร่วมกิจกรรมงานที่เกี่ยวข้องกับงานทำนุบำรุงศิลปะ วัฒนธรรมและอนุรักษ์สิ่งแวดล้อม อย่างน้อย ๑ งาน'),
(42, 2, 4, '2', '3.20 - 3.59', 'ระดับที่ ๒.มีภาระงานระหว่าง ๓.๒๐ – ๓.๕๙ ชั่วโมงทำงาน/สัปดาห์\r\nหรือ ร่วมกิจกรรมงานที่เกี่ยวข้องกับงานทำนุบำรุงศิลปะ วัฒนธรรมและอนุรักษ์สิ่งแวดล้อม อย่างน้อย ๒ งาน\r\n'),
(43, 2, 4, '3', '3.60 - 4.40', 'ระดับที่ ๓. ปฎิบัติงานใกล้เคียงกับภาระงานขั้นต่ำ (ระหว่าง ๓.๖๐ – ๔.๔๐ชั่วโมงทำงาน/สัปดาห์)\r\nหรือ ร่วมกิจกรรมงานที่เกี่ยวข้องกับงานทำนุบำรุงศิลปะ วัฒนธรรมและอนุรักษ์สิ่งแวดล้อม อย่างน้อย ๓ งาน\r\n'),
(44, 2, 4, '4', '4.41 - 4.80', 'ระดับที่ ๔.มีภาระงานระหว่าง ๔.๔๑ – ๔.๘๐ ชั่วโมงทำงาน/สัปดาห์\r\nหรือ ร่วมกิจกรรมงานที่เกี่ยวข้องกับงานทำนุบำรุงศิลปะ วัฒนธรรมและอนุรักษ์สิ่งแวดล้อม อย่างน้อย ๔ งาน\r\n'),
(45, 2, 4, '5', 'มากกว่า 4.80', 'ระดับที่ ๕.มีภาระงานมากกว่า ๔.๘๐ชั่วโมงทำงาน/สัปดาห์\r\nหรือ ร่วมกิจกรรมงานที่เกี่ยวข้องกับงานทำนุบำรุงศิลปะ วัฒนธรรมและอนุรักษ์สิ่งแวดล้อม อย่างน้อย ๕ งาน\r\n'),
(47, 2, 5, '1', 'ต่ำกว่า 6.40', 'ระดับที่ ๑. มีภาระงานต่ำกว่า ๖.๔๐ชั่วโมงทำงาน/สัปดาห์\r\nหรือเป็นกรรมการใดกรรมการหนึ่งของหลักสูตร/แผนกวิชา/สาขาวิชา/สาขา/คณะ ๑ งาน หรือกรรมการปฏิบัติเฉพาะกิจ อย่างน้อย ๒ งาน\r\n'),
(48, 2, 5, '2', '6.40 - 7.19', 'ระดับที่ ๒.มีภาระงานระหว่าง ๖.๔๐ – ๗.๑๙ ชั่วโมงทำงาน/สัปดาห์\r\nหรือเป็นกรรมการใดกรรมการหนึ่งของหลักสูตร/แผนกวิชา/สาขาวิชา/สาขา/คณะ ๒ งาน หรือกรรมการปฏิบัติเฉพาะกิจ อย่างน้อย ๓ งาน\r\n'),
(49, 2, 5, '3', '7.20 - 8.80', 'ระดับที่ ๓. ปฎิบัติงานใกล้เคียงกับภาระงานขั้นต่ำ (ระหว่าง ๗.๒๐ – ๘.๘๐ ชั่วโมงทำงาน/สัปดาห์) หรือ เป็นอาจารย์ที่ปรึกษา หรือเป็นกรรมการใดกรรมการหนึ่งของหลักสูตร/แผนกวิชา/สาขาวิชา/สาขา/คณะ ๒ งานและกรรมการเฉพาะกิจ ๑ งาน'),
(50, 2, 5, '4', '8.81 - 9.60', 'ระดับที่ ๔.มีภาระงานระหว่าง ๘.๘๑ – ๙.๖๐ ชั่วโมงทำงาน/สัปดาห์\r\nหรือ เป็นอาจารย์ที่ปรึกษาและเป็นกรรมการใดกรรมการหนึ่ง/กรรมการเฉพาะกิจของหลักสูตร/แผนกวิชา/สาขาวิชา/สาขา/คณะ ๑ งาน หรือ เป็นกรรมการใดกรรมการหนึ่ง/กรรมการเฉพาะกิจของหลักสูตร/แผนกวิชา/สาขาวิชา/สาขา/คณะ ๔ งาน\r\n'),
(51, 2, 5, '5', 'มากกว่า 9.60', 'ระดับที่ ๕. มีภาระงานมากกว่า ๙.๖๐ ชั่วโมงทำงาน/สัปดาห์หรือ เป็นอาจารย์ที่ปรึกษาและเป็นกรรมการใดกรรมการหนึ่ง/กรรมการเฉพาะกิจของหลักสูตร/แผนกวิชา/สาขาวิชา/สาขา/คณะ ๒ งาน หรือ เป็นกรรมการใดกรรมการหนึ่ง/กรรมการเฉพาะกิจของหลักสูตร/แผนกวิชา/สาขาวิชา/สาขา/คณะ ๕ งาน หรือกรรมการปฏิบัติเฉพาะกิจ อย่างน้อย ๖ งาน'),
(52, 3, 1, '1', 'ต่ำกว่า 9.6', 'ระดับที่ ๑. มีภาระงานน้อยกว่า ๙.๖๐ ชั่วโมงทำงาน/สัปดาห์'),
(53, 3, 1, '2', '9.60 - 10.79', 'ระดับที่ ๒. มีภาระงานระหว่าง ๙.๖๐ –๑๐.๗๙ ชั่วโมงทำงาน/สัปดาห์'),
(54, 3, 1, '3', '10.80 - 13.20', 'ระดับที่ ๓. มีภาระงานใกล้เคียงเกณฑ์ภาระงานขั้นต่ำ (ระหว่าง ๑๐.๘๐ –๑๓.๒๐ ชั่วโมงทำงาน/สัปดาห์)และมีแผนการสอนตาม มคอ.๓'),
(55, 3, 1, '4', '13.20 - 14.40', 'ระดับที่ ๔. มีภาระงานอยู่ระหว่าง ๑๓.๒๐-๑๔.๔๐ ชั่วโมงทำงาน/สัปดาห์และมีแผนการสอนตาม มคอ.๓ และมีเอกสารประกอบการสอน/เอกสารคำสอน/ตำรา/สื่อการสอน/อุปกรณ์การสอน ทุกวิชาที่สอน \r\n'),
(56, 3, 1, '5', 'มากกว่า 14.40', 'ระดับที่ ๕. มีภาระงานมากกว่า ๑๔.๔๐ ชั่วโมงทำงาน/สัปดาห์ และมีแผนการสอนตาม มคอ.๓ มีการนำผลการประเมินไปปรับปรุง และมีเอกสารประกอบการสอน/เอกสารคำสอน/ตำรา/สื่อการสอน/อุปกรณ์การสอน ทุกวิชาที่สอน\r\n'),
(57, 3, 2, '1', '', 'ระดับที่ ๑. ไม่ปรากฏผลงาน งานวิจัย หรือ ตำราหรือหนังสือ บทความทางวิชาการ วิชาการ แต่มีการเข้าร่วมกิจกรรมด้านงานวิจัย อย่างน้อย ๒ ครั้งต่อรอบประเมิน'),
(58, 3, 2, '2', '', 'ระดับที่ ๒. ไม่ปรากฏผลงาน งานวิจัย หรือ ตำราหรือหนังสือ บทความทาง แต่มีการเข้าร่วมกิจกรรมด้านงานวิจัย อย่างน้อย ๓ ครั้งต่อรอบประเมิน'),
(59, 3, 2, '3', '', 'ระดับที่ ๓. มีการดำเนินงานวิจัย / เป็นกรรมการที่เกี่ยวข้องกับงานวิจัย '),
(60, 3, 2, '4', '', 'ระดับที่ ๔. มีการดำเนินงานวิจัยและเผยแพร่ผลงานวิจัยในที่ประชุมวิชาการ /เข้าร่วมกิจกรรมด้านการวิจัย/นำผลงานวิจัยไปบูรณาการกับการบริการวิชาการและการเรียนการสอน'),
(61, 3, 2, '5', '', 'ระดับที่ ๕.มีการเผยแพร่บทความทางวิชาการในวารสารวิชาการ ที่อยู่ในฐานข้อมูล ที่ สกอ. รับรอง หรือ ทำตำรา/หนังสือที่ได้รับการเผยแพร่ตามเกณฑ์ที่ ก.พ.อ.กำหนด '),
(62, 3, 3, '1', 'ต่ำกว่า 3.20', 'ระดับที่ ๑. มีภาระงานต่ำกว่า ๓.๒๐ ชั่วโมงทำงาน/สัปดาห์ หรือ ร่วมกิจกรรมงานที่เกี่ยวข้องกับงานทำนุบำรุงศิลปะ วัฒนธรรมและอนุรักษ์สิ่งแวดล้อม                        อย่างน้อย ๑ งาน'),
(63, 3, 3, '2', '3.20 - 3.59', 'ระดับที่ ๒.มีภาระงานระหว่าง ๓.๒๐ – ๓.๕๙ชั่วโมงทำงาน/สัปดาห์ หรือ ร่วมกิจกรรมงานที่เกี่ยวข้องกับงานทำนุบำรุงศิลปะ วัฒนธรรมและอนุรักษ์สิ่งแวดล้อม อย่างน้อย ๒ งาน\r\n'),
(64, 3, 3, '3', '3.60 - 4.40', 'ระดับที่ ๓. ปฎิบัติงานใกล้เคียงกับภาระงานขั้นต่ำ (ระหว่าง๓.๖๐ – ๔.๔๐ ชั่วโมงทำงาน/สัปดาห์)\r\nหรือ ร่วมกิจกรรมงานที่เกี่ยวข้องกับงานทำนุบำรุงศิลปะ วัฒนธรรมและอนุรักษ์สิ่งแวดล้อม อย่างน้อย ๓ งาน\r\n'),
(65, 3, 3, '4', '4.41 - 4.80', 'ระดับที่ ๔.มีภาระงานระหว่าง ๔.๔๑ – ๔.๘๐ ชั่วโมงทำงาน/สัปดาห์ หรือ ร่วมกิจกรรมงานที่เกี่ยวข้องกับงานทำนุบำรุงศิลปะ วัฒนธรรมและอนุรักษ์สิ่งแวดล้อม อย่างน้อย ๔ งาน\r\n'),
(66, 3, 3, '5', 'มากกว่า 4.80', 'ระดับที่ ๕.มีภาระงานมากกว่า ๔.๘๐ ชั่วโมงทำงาน/สัปดาห์ หรือ ร่วมกิจกรรมงานที่เกี่ยวข้องกับงานทำนุบำรุงศิลปะ วัฒนธรรมและอนุรักษ์สิ่งแวดล้อม อย่างน้อย ๕ งาน\r\n'),
(67, 3, 4, '1', 'ต่ำกว่า 3.20', 'ระดับที่ ๑. มีภาระงานต่ำกว่า ๓.๒๐ ชั่วโมงทำงาน/สัปดาห์ หรือ ร่วมกิจกรรมงานที่เกี่ยวข้องกับงานทำนุบำรุงศิลปะ วัฒนธรรมและอนุรักษ์สิ่งแวดล้อม                        อย่างน้อย ๑ งาน'),
(68, 3, 4, '2', '3.20 - 3.59', 'ระดับที่ ๒.มีภาระงานระหว่าง ๓.๒๐ – ๓.๕๙ชั่วโมงทำงาน/สัปดาห์ หรือ ร่วมกิจกรรมงานที่เกี่ยวข้องกับงานทำนุบำรุงศิลปะ วัฒนธรรมและอนุรักษ์สิ่งแวดล้อม อย่างน้อย ๒ งาน\r\n'),
(69, 3, 4, '3', '3.60 - 4.40', 'ระดับที่ ๓. ปฎิบัติงานใกล้เคียงกับภาระงานขั้นต่ำ (ระหว่าง๓.๖๐ – ๔.๔๐ ชั่วโมงทำงาน/สัปดาห์)\r\nหรือ ร่วมกิจกรรมงานที่เกี่ยวข้องกับงานทำนุบำรุงศิลปะ วัฒนธรรมและอนุรักษ์สิ่งแวดล้อม อย่างน้อย ๓ งาน\r\n'),
(70, 3, 4, '4', '4.41 - 4.80', 'ระดับที่ ๔.มีภาระงานระหว่าง ๔.๔๑ – ๔.๘๐ ชั่วโมงทำงาน/สัปดาห์ หรือ ร่วมกิจกรรมงานที่เกี่ยวข้องกับงานทำนุบำรุงศิลปะ วัฒนธรรมและอนุรักษ์สิ่งแวดล้อม อย่างน้อย ๔ งาน\r\n'),
(71, 3, 4, '5', '4.41 - 4.80', 'ระดับที่ ๕.มีภาระงานมากกว่า ๔.๘๐ ชั่วโมงทำงาน/สัปดาห์ หรือ ร่วมกิจกรรมงานที่เกี่ยวข้องกับงานทำนุบำรุงศิลปะ วัฒนธรรมและอนุรักษ์สิ่งแวดล้อม อย่างน้อย ๕ งาน\r\n'),
(72, 3, 5, '1', 'ต่ำกว่า 6.40', 'ระดับที่ ๑. มีภาระงานต่ำกว่า ๖.๔๐ ชั่วโมงทำงาน/สัปดาห์ หรือเป็นกรรมการใดกรรมการหนึ่งของหลักสูตร/แผนกวิชา/สาขาวิชา/สาขา/คณะ ๑ งาน หรือกรรมการปฏิบัติเฉพาะกิจ อย่างน้อย ๒ งาน\r\n'),
(73, 3, 5, '2', '6.40 - 7.19', 'ระดับที่ ๒.มีภาระงานระหว่าง ๖.๔๐ – ๗.๑๙ ชั่วโมงทำงาน/สัปดาห์\r\nหรือเป็นกรรมการใดกรรมการหนึ่งของหลักสูตร/แผนกวิชา/สาขาวิชา/สาขา/คณะ ๒ งาน หรือกรรมการปฏิบัติเฉพาะกิจ อย่างน้อย ๓ งาน\r\n'),
(74, 3, 5, '3', '7.20 - 8.80', 'ระดับที่ ๓. ปฎิบัติงานใกล้เคียงกับภาระงานขั้นต่ำ (ระหว่าง ๗.๒๐ – ๘.๘๐ ชั่วโมงทำงาน/สัปดาห์) หรือ เป็นอาจารย์ที่ปรึกษา หรือเป็นกรรมการใดกรรมการหนึ่งของหลักสูตร/แผนกวิชา/สาขาวิชา/สาขา/คณะ ๒ งานและกรรมการเฉพาะกิจ ๑ งาน\r\nหรือกรรมการปฏิบัติเฉพาะกิจ อย่างน้อย ๔ งาน\r\n'),
(75, 3, 5, '4', '8.81 - 9.60', 'ระดับที่ ๔.มีภาระงานระหว่าง ๘.๘๑ – ๙.๖๐ชั่วโมงทำงาน/สัปดาห์ หรือ เป็นอาจารย์ที่ปรึกษาและเป็นกรรมการใดกรรมการหนึ่ง/กรรมการเฉพาะกิจของหลักสูตร/แผนกวิชา/สาขาวิชา/สาขา/คณะ ๑ งาน หรือ เป็นกรรมการใดกรรมการหนึ่ง/กรรมการเฉพาะกิจของหลักสูตร/แผนกวิชา/สาขาวิชา/สาขา/คณะ ๔ งาน\r\n'),
(76, 3, 5, '5', 'มากกว่า 9.60', 'ระดับที่ ๕. มีภาระงานมากกว่า ๙.๖๐ ชั่วโมงทำงาน/สัปดาห์หรือ เป็นอาจารย์ที่ปรึกษาและเป็นกรรมการใดกรรมการหนึ่ง/กรรมการเฉพาะกิจของหลักสูตร/แผนกวิชา/สาขาวิชา/สาขา/คณะ ๒ งาน หรือ เป็นกรรมการใดกรรมการหนึ่ง/กรรมการเฉพาะกิจของหลักสูตร/แผนกวิชา/สาขาวิชา/สาขา/คณะ ๕งาน\r\nหรือกรรมการปฏิบัติเฉพาะกิจ อย่างน้อย ๖ งาน\r\n'),
(77, 4, 1, '1', 'น้อยกว่า 12.80', 'ระดับที่ ๑.  มีภาระงานน้อยกว่า ๑๒.๘๐ ชั่วโมงทำงาน/สัปดาห์'),
(78, 4, 1, '2', '12.90 - 14.33', 'ระดับที่ ๒.  มีภาระงานระหว่าง ๑๒.๙๐ –๑๔.๓๓ ชั่วโมงทำงาน/สัปดาห์'),
(79, 4, 1, '3', '14.34 - 17.60', 'ระดับที่ ๓.  มีภาระงานใกล้เคียงเกณฑ์ภาระงานขั้นต่ำ (ระหว่าง ๑๔.๓๔ –๑๗.๖๐ ชั่วโมงทำงาน/สัปดาห์) ) และมีแผนการสอนตาม มคอ.๓'),
(80, 4, 1, '4', '17.91 - 19.20', 'ระดับที่ ๔.  มีภาระงานระหว่าง ๑๗.๖๑-๑๙.๒๐ ชั่วโมงทำงาน/สัปดาห์ มีแผนการสอนตาม มคอ.๓ และ มีเอกสารประกอบการสอน/เอกสารคำสอน/ตำรา/สื่อการสอน/อุปกรณ์การสอน ทุกวิชาที่สอน '),
(81, 4, 1, '5', '19.20 ขึ้นไป', 'ระดับที่ ๕.  มีภาระงานมากกว่า ๑๙.๒๐ ชั่วโมงทำงาน/สัปดาห์ มีแผนการสอนตาม มคอ.๓ มีการนำผลการประเมินไปปรับปรุง   และ มีเอกสารประกอบการสอน/เอกสารคำสอน/ตำรา/สื่อการสอน/อุปกรณ์การสอน ทุกวิชาที่สอน '),
(82, 4, 2, '1', '', 'ระดับที่ ๑.  ไม่ปรากฏผลงาน งานวิจัย หรือ ตำราหรือหนังสือ บทความทางวิชาการ วิชาการ แต่มีการเข้าร่วมกิจกรรมด้านงานวิจัย อย่างน้อย ๑ ครั้งต่อรอบประเมิน'),
(83, 4, 2, '2', '', 'ระดับที่ ๒.  ไม่ปรากฏผลงาน งานวิจัย หรือ ตำราหรือหนังสือ บทความทาง แต่มีการเข้าร่วมกิจกรรมด้านงานวิจัย อย่างน้อย ๒ ครั้งต่อรอบประเมิน'),
(84, 4, 2, '3', '', 'ระดับที่ ๓.  มีการยื่นข้อเสนอโครงการวิจัยหรือมีการดำเนินงานวิจัย หรือ เป็นกรรมการที่เกี่ยวข้องกับงานวิจัย '),
(85, 4, 2, '4', '', 'ระดับที่ ๔.  มีการดำเนินงานวิจัยและเข้าร่วมกิจกรรมด้านการวิจัยหรือนำผลงานวิจัยไปบูรณาการกับการบริการวิชาการและการเรียนการสอน'),
(86, 4, 2, '5', '', 'ระดับที่ ๕.  มีการนำเสนอผลงานวิจัยในที่ประชุมวิชาการหรือเผยแพร่บทความทางวิชาการในวารสารวิชาการ ที่ สกอ.รับรอง หรือ ทำตำราหรือหนังสือที่ได้รับการเผยแพร่ตามเกณฑ์ที่ ก.พ.อ.กำหนด'),
(87, 4, 3, '1', 'ต่ำกว่า 3.20', 'ระดับที่ ๑. มีภาระงานต่ำกว่า ๓.๒๐ ชั่วโมงทำงาน/สัปดาห์หรือ เป็นวิทยากรบรรยายพิเศษใน/นอกมหาวิทยาลัย ๑ ครั้งต่อรอบประเมิน หรือร่วมจัดประชุม สัมมนาฝึกอบรมและจัดนิทรรศการ แก่หน่วยงานภายนอก ๑ ครั้งต่อรอบประเมิน'),
(88, 4, 3, '2', '3.20 - 3.59', 'ระดับที่ ๒.มีภาระงานระหว่าง ๓.๒๐ – ๓.๕๙ ชั่วโมงทำงาน/สัปดาห์หรือจัดกิจกรรมตามประกาศ ๙.๑-๙.๓      ๒ ครั้ง ต่อรอบประเมิน หรือ เป็นที่ปรึกษาร่วมโครงการพิเศษนักศึกษา ๑ เรื่อง'),
(89, 4, 3, '3', '3.60 - 4.40', 'ระดับที่ ๓. ปฏิบัติงานใกล้เคียงกับภาระงานขั้นต่ำ (ระหว่าง ๓.๖๐ -๔.๔๐ ชั่วโมงทำงาน/สัปดาห์)\r\nหรือ  มีภาระงานตามประกาศ ข้อ ๙.๑-๙.๓ หน้า ๑๑ ใด ๆ ก็ได้ ๓ เรื่อง หรือ มีภาระงานกิจกรรมใด ๆ ข้อ ก็ได้ ข้อ๙.๑-๙.๓ จำนวน ๒ เรื่อง และเป็นที่ปรึกษาร่วมโครงการวิจัยนักศึกษา ๑ เรื่อง\r\n'),
(90, 4, 3, '4', '4.41 - 4.80', 'ระดับที่ ๔. มีภาระงานระหว่าง ๔.๔๑ – ๔.๘๐ ชั่วโมงทำงาน/สัปดาห์หรือ  มีภาระงานตามประกาศ ข้อ ๙.๑-๙.๓ หน้า ๑๑ ใด ๆ ก็ได้ ๔ เรื่อง หรือ มีภาระงานกิจกรรมใด ๆ ข้อ ก็ได้ ข้อ๙.๑-๙.๓ จำนวน ๓ เรื่อง และเป็นที่ปรึกษาโครงการวิจัยนักศึกษา ๑ เรื่อง'),
(91, 4, 3, '5', 'มากกว่า 4.80', 'ระดับที่ ๕. มีภาระงานมากกว่า ๔.๘๐ ชั่วโมงทำงาน/สัปดาห์ หรือ  มีภาระงานตามประกาศ ข้อ ๙.๑ -๙.๓ หน้า ๑๑ ใด ๆ ก็ได้ ๔ เรื่อง และสามารถหารายได้จากงานภายนอก มากกว่า ๑๐,๐๐๐หรือ มีภาระงานกิจกรรมใด ๆ ข้อ ก็ได้ ข้อ๙.๑-๙.๓ จำนวน ๓ เรื่อง และเป็นที่ปรึกษาโครงการวิจัยนักศึกษา ๑ เรื่องและสามารถหารายได้จากงานภายนอก มากกว่า ๑๐,๐๐๐บาท ขึ้นไป หรือ สามารถหารายได้จากภายนอกตั้งแต่ ๑๐๐,๐๐๐ บาท ขึ้นไป'),
(92, 4, 4, '1', 'ต่ำกว่า 3.20', 'ระดับที่ ๑. มีภาระงานต่ำกว่า ๓.๒๐ ชั่วโมงทำงาน/สัปดาห์ หรือ ร่วมกิจกรรมงานที่เกี่ยวข้องกับงานทำนุบำรุงศิลปะ วัฒนธรรมและอนุรักษ์สิ่งแวดล้อม                       อย่างน้อย ๑ งาน'),
(93, 4, 4, '2', '3.20 - 3.59', 'ระดับที่ ๒.มีภาระงานระหว่าง ๓.๒๐ – ๓.๕๙ชั่วโมงทำงาน/สัปดาห์ หรือ ร่วมกิจกรรมงานที่เกี่ยวข้องกับงานทำนุบำรุงศิลปะ วัฒนธรรมและอนุรักษ์สิ่งแวดล้อม อย่างน้อย ๒ งาน\r\n'),
(94, 4, 4, '3', '3.60 - 4.40', 'ระดับที่ ๓. ปฎิบัติงานใกล้เคียงกับภาระงานขั้นต่ำ (ระหว่าง ๓.๖๐ – ๔.๔๐ ชั่วโมงทำงาน/สัปดาห์)\r\nหรือ ร่วมกิจกรรมงานที่เกี่ยวข้องกับงานทำนุบำรุงศิลปะ วัฒนธรรมและอนุรักษ์สิ่งแวดล้อม อย่างน้อย ๓ งาน\r\n'),
(95, 4, 4, '4', '4.41 - 4.80', 'ระดับที่ ๔.มีภาระงานระหว่าง ๔.๔๑ – ๔.๘๐ชั่วโมงทำงาน/สัปดาห์ หรือ ร่วมกิจกรรมงานที่เกี่ยวข้องกับงานทำนุบำรุงศิลปะ วัฒนธรรมและอนุรักษ์สิ่งแวดล้อม อย่างน้อย ๔ งาน\r\n'),
(96, 4, 4, '5', 'มากกว่า 4.80', 'ระดับที่ ๕.มีภาระงานมากกว่า ๔.๘๐ ชั่วโมงทำงาน/สัปดาห์\r\nหรือ ร่วมกิจกรรมงานที่เกี่ยวข้องกับงานทำนุบำรุงศิลปะ วัฒนธรรมและอนุรักษ์สิ่งแวดล้อม อย่างน้อย ๕ งาน\r\n'),
(97, 4, 5, '1', 'ต่ำกว่า 6.40', 'ระดับที่ ๑. มีภาระงานต่ำกว่า ๖.๔๐ ชั่วโมงทำงาน/สัปดาห์ หรือเป็นกรรมการใดกรรมการหนึ่งของหลักสูตร/แผนกวิชา/สาขาวิชา/สาขา/คณะ ๑ งาน หรือกรรมการปฏิบัติเฉพาะกิจ อย่างน้อย ๒ งาน\r\n'),
(98, 4, 5, '2', '6.40 - 7.19', 'ระดับที่ ๒.มีภาระงานระหว่าง ๖.๔๐ – ๗.๑๙ ชั่วโมงทำงาน/สัปดาห์ หรือเป็นกรรมการใดกรรมการหนึ่งของหลักสูตร/แผนกวิชา/สาขาวิชา/สาขา/คณะ ๒ งาน หรือกรรมการปฏิบัติเฉพาะกิจ อย่างน้อย ๓ งาน\r\n'),
(99, 4, 5, '3', '7.20 - 8.80', 'ระดับที่ ๓. ปฎิบัติงานใกล้เคียงกับภาระงานขั้นต่ำ (ระหว่าง ๗.๒๐ – ๘.๘๐ชั่วโมงทำงาน/สัปดาห์) หรือ เป็นอาจารย์ที่ปรึกษา หรือเป็นกรรมการใดกรรมการหนึ่งของหลักสูตร/แผนกวิชา/สาขาวิชา/สาขา/คณะ ๒ งานและกรรมการเฉพาะกิจ ๑ งาน\r\nหรือกรรมการปฏิบัติเฉพาะกิจ อย่างน้อย ๔ งาน\r\n'),
(100, 4, 5, '4', '8.81 - 9.60', 'ระดับที่ ๔.มีภาระงานระหว่าง ๘.๘๑ – ๙.๖๐ ชั่วโมงทำงาน/สัปดาห์\r\nหรือ เป็นอาจารย์ที่ปรึกษาและเป็นกรรมการใดกรรมการหนึ่ง/กรรมการเฉพาะกิจของหลักสูตร/แผนกวิชา/สาขาวิชา/สาขา/คณะ ๑ งาน หรือ เป็นกรรมการใดกรรมการหนึ่ง/กรรมการเฉพาะกิจของหลักสูตร/แผนกวิชา/สาขาวิชา/สาขา/คณะ ๔ งาน\r\nหรือกรรมการปฏิบัติเฉพาะกิจ อย่างน้อย ๕ งาน\r\n'),
(101, 4, 5, '5', 'มากกว่า 9.60', 'ระดับที่ ๕. มีภาระงานมากกว่า ๙.๖๐ ชั่วโมงทำงาน/สัปดาห์หรือ เป็นอาจารย์ที่ปรึกษาและเป็นกรรมการใดกรรมการหนึ่ง/กรรมการเฉพาะกิจของหลักสูตร/แผนกวิชา/สาขาวิชา/สาขา/คณะ ๒ งาน หรือ เป็นกรรมการใดกรรมการหนึ่ง/กรรมการเฉพาะกิจของหลักสูตร/แผนกวิชา/สาขาวิชา/สาขา/คณะ ๕ งาน\r\nหรือกรรมการปฏิบัติเฉพาะกิจ อย่างน้อย ๖ งาน\r\n');

-- --------------------------------------------------------

--
-- Table structure for table `degree`
--

CREATE TABLE `degree` (
  `degree_id` tinyint(1) NOT NULL,
  `degree_name` varchar(50) CHARACTER SET utf8mb4 COLLATE utf8mb4_unicode_ci NOT NULL
) ENGINE=InnoDB DEFAULT CHARSET=utf8 COLLATE=utf8_unicode_ci;

--
-- Dumping data for table `degree`
--

INSERT INTO `degree` (`degree_id`, `degree_name`) VALUES
(1, 'ปริญญาตรี'),
(2, 'ปริญญาโท'),
(3, 'ปริญญาเอก');

-- --------------------------------------------------------

--
-- Table structure for table `education`
--

CREATE TABLE `education` (
  `ed_id` int(10) NOT NULL,
  `gen_id` int(10) NOT NULL,
  `ed_name` varchar(100) COLLATE utf8_unicode_ci NOT NULL,
  `ed_loc` varchar(100) COLLATE utf8_unicode_ci NOT NULL,
  `degree_id` tinyint(1) NOT NULL
) ENGINE=InnoDB DEFAULT CHARSET=utf8 COLLATE=utf8_unicode_ci;

--
-- Dumping data for table `education`
--

INSERT INTO `education` (`ed_id`, `gen_id`, `ed_name`, `ed_loc`, `degree_id`) VALUES
(42, 6201572, 'ระบบสารสนเทศทางคอมพิวเตอร์', 'มหาวิทยาลัยราชมงคลล้านนา', 1),
(43, 6201083, 'ระบบสารสนเทศทางคอมพิวเตอร์', 'มหาวิทยาลัยราชมงคลล้านนา', 1),
(44, 1000000001, '', '', 1);

-- --------------------------------------------------------

--
-- Table structure for table `evaluation`
--

CREATE TABLE `evaluation` (
  `e_id` tinyint(2) NOT NULL,
  `e_name` varchar(255) COLLATE utf8_unicode_ci NOT NULL
) ENGINE=InnoDB DEFAULT CHARSET=utf8 COLLATE=utf8_unicode_ci;

--
-- Dumping data for table `evaluation`
--

INSERT INTO `evaluation` (`e_id`, `e_name`) VALUES
(1, 'ภาระงานด้านการเรียนการสอน'),
(2, 'งานที่ปรากฏเป็นผลงานทางวิชาการตามหลักเกณฑ์ที่ ก.พ.อ.กำหนด  \r\n'),
(3, 'งานบริการทางวิชาการ\r\n'),
(4, 'งานทำนุบำรุงศิลปะ วัฒนธรรมและอนุรักษ์สิ่งแวดล้อม'),
(5, 'งานพัฒนานักศึกษา งานที่ได้รับการแต่งตั้งให้ดำรงตำแหน่งและงานที่ได้รับมอบหมายอื่น ๆ\r\n');

-- --------------------------------------------------------

--
-- Table structure for table `general`
--

CREATE TABLE `general` (
  `gen_id` int(10) NOT NULL,
  `gen_user` varchar(11) COLLATE utf8_unicode_ci NOT NULL,
  `gen_pass` varchar(11) COLLATE utf8_unicode_ci NOT NULL,
  `branch_id` tinyint(2) NOT NULL,
  `subject_id` tinyint(2) NOT NULL,
  `gen_code` char(17) COLLATE utf8_unicode_ci NOT NULL,
  `gen_prefix` varchar(100) COLLATE utf8_unicode_ci NOT NULL,
  `gen_fname` varchar(100) COLLATE utf8_unicode_ci NOT NULL,
  `gen_lname` varchar(100) COLLATE utf8_unicode_ci NOT NULL,
  `gen_salary` float(7,2) NOT NULL,
  `gen_acadeic` tinyint(2) NOT NULL,
  `level_id` tinyint(4) NOT NULL,
  `gen_startdate` date NOT NULL,
  `permiss_id` tinyint(2) NOT NULL,
  `gen_pos` tinyint(2) NOT NULL,
  `gen_pict` varchar(100) COLLATE utf8_unicode_ci NOT NULL,
  `savetime` timestamp NOT NULL DEFAULT CURRENT_TIMESTAMP ON UPDATE CURRENT_TIMESTAMP
) ENGINE=InnoDB DEFAULT CHARSET=utf8 COLLATE=utf8_unicode_ci;

--
-- Dumping data for table `general`
--

INSERT INTO `general` (`gen_id`, `gen_user`, `gen_pass`, `branch_id`, `subject_id`, `gen_code`, `gen_prefix`, `gen_fname`, `gen_lname`, `gen_salary`, `gen_acadeic`, `level_id`, `gen_startdate`, `permiss_id`, `gen_pos`, `gen_pict`, `savetime`) VALUES
(6201083, 'good', '12345', 1, 1, '1234567890123', 'นาย', 'จักรกรี', 'สำนวนไทย', 15000.00, 1, 0, '2017-06-04', 4, 1, '', '2019-01-15 12:50:52'),
(6201572, 'user122', '12345', 1, 1, '1234567890123', 'นางสาว', 'สุนารี', 'ราชสีมา', 15000.00, 1, 0, '2019-01-21', 2, 1, '', '2019-01-12 04:56:58'),
(1000000001, 'admin', 'admin', 2, 1, '1234567890123', 'นาย', 'admin', 'admin', 99999.99, 4, 1, '2018-01-07', 1, 4, 'e810zihfvd_2344.jpg', '2019-01-13 11:55:02');

-- --------------------------------------------------------

--
-- Table structure for table `idlel`
--

CREATE TABLE `idlel` (
  `idl_id` int(10) NOT NULL,
  `gen_id` int(10) NOT NULL,
  `year_id` smallint(6) NOT NULL,
  `idl_type` tinyint(2) NOT NULL,
  `idl_num` int(11) NOT NULL,
  `idl_day` int(11) NOT NULL
) ENGINE=InnoDB DEFAULT CHARSET=utf8 COLLATE=utf8_unicode_ci;

--
-- Dumping data for table `idlel`
--

INSERT INTO `idlel` (`idl_id`, `gen_id`, `year_id`, `idl_type`, `idl_num`, `idl_day`) VALUES
(93, 6201572, 25621, 1, 2, 4),
(94, 6201572, 25621, 2, 1, 1),
(95, 6201572, 25621, 3, 0, 0),
(96, 6201572, 25621, 4, 0, 0),
(97, 6201572, 25621, 5, 0, 0),
(98, 6201572, 25621, 6, 0, 0),
(99, 6201572, 25621, 7, 0, 0);

-- --------------------------------------------------------

--
-- Table structure for table `idlel_type`
--

CREATE TABLE `idlel_type` (
  `idl_type_id` tinyint(2) NOT NULL,
  `idl_type_name` varchar(100) COLLATE utf8_unicode_ci NOT NULL
) ENGINE=InnoDB DEFAULT CHARSET=utf8 COLLATE=utf8_unicode_ci;

--
-- Dumping data for table `idlel_type`
--

INSERT INTO `idlel_type` (`idl_type_id`, `idl_type_name`) VALUES
(1, 'ลาป่วย'),
(2, 'ลากิจ'),
(3, 'มาสาย'),
(4, 'ลาคลอดบุตร'),
(5, 'ลาอุปสมบท'),
(6, 'ลาป่วยจำเป็นต้องรักษาตัวเป็นเวลานานคราวเดียวหรือหลายคราวรวมกัน'),
(7, 'ขาดราชการ');

-- --------------------------------------------------------

--
-- Table structure for table `permissions`
--

CREATE TABLE `permissions` (
  `permiss_id` tinyint(2) NOT NULL,
  `permiss_name` varchar(100) COLLATE utf8_unicode_ci NOT NULL,
  `permiss_decs` text COLLATE utf8_unicode_ci NOT NULL
) ENGINE=InnoDB DEFAULT CHARSET=utf8 COLLATE=utf8_unicode_ci;

--
-- Dumping data for table `permissions`
--

INSERT INTO `permissions` (`permiss_id`, `permiss_name`, `permiss_decs`) VALUES
(1, 'admin', 'ผู้ดูแลระบบ'),
(2, 'teacher', 'อาจารย์'),
(3, 'BranchLeader', 'หัวหน้าสาขา'),
(4, 'SubjectLeader', 'หัวหน้าลักสูตร'),
(5, 'FacultyLeader', 'หัวหน้าคณะ');

-- --------------------------------------------------------

--
-- Table structure for table `position`
--

CREATE TABLE `position` (
  `pos_id` tinyint(2) NOT NULL,
  `pos_name` varchar(100) COLLATE utf8_unicode_ci NOT NULL
) ENGINE=InnoDB DEFAULT CHARSET=utf8 COLLATE=utf8_unicode_ci;

--
-- Dumping data for table `position`
--

INSERT INTO `position` (`pos_id`, `pos_name`) VALUES
(1, 'อาจารย์'),
(2, 'หัวหน้าหลักสูตร'),
(3, 'หัวหน้าสาขา'),
(4, 'หัวหน้าคณะ');

-- --------------------------------------------------------

--
-- Table structure for table `relations`
--

CREATE TABLE `relations` (
  `re_id` mediumint(5) NOT NULL,
  `re_title` varchar(100) COLLATE utf8_unicode_ci NOT NULL,
  `re_detail` text COLLATE utf8_unicode_ci NOT NULL,
  `re_date` date NOT NULL,
  `gen_id` int(10) NOT NULL
) ENGINE=MyISAM DEFAULT CHARSET=utf8 COLLATE=utf8_unicode_ci;

--
-- Dumping data for table `relations`
--

INSERT INTO `relations` (`re_id`, `re_title`, `re_detail`, `re_date`, `gen_id`) VALUES
(6, 'test_title', 'fgdfgdfgfdgfdgdfgdfgf', '2018-08-28', 1000000001);

-- --------------------------------------------------------

--
-- Table structure for table `subjects`
--

CREATE TABLE `subjects` (
  `subject_id` tinyint(2) NOT NULL,
  `subject_name` varchar(100) COLLATE utf8_unicode_ci NOT NULL,
  `branch_id` tinyint(2) NOT NULL
) ENGINE=InnoDB DEFAULT CHARSET=utf8 COLLATE=utf8_unicode_ci;

--
-- Dumping data for table `subjects`
--

INSERT INTO `subjects` (`subject_id`, `subject_name`, `branch_id`) VALUES
(1, 'ภาษาอังกฤษธุรกิจ', 1),
(2, 'การจัดการ', 1),
(3, 'ระบบสารสนเทศทางคอมพิวเตอร์', 1),
(4, 'การตลาด', 1),
(5, 'การธุรกิจระหว่างประเทศ (IBM)', 1),
(6, 'บริหารธุรกิจมหาบัณฑิต(MBA)', 1),
(7, 'ระบบสารสนเทศทางธุรกิจ', 1),
(8, 'การธุรกิจค้าปลีกสมัยใหม่', 1),
(9, 'การบัญชี', 3),
(10, 'การท่องเที่ยวและการโรงแรม', 2),
(11, 'ภาษาอังกฤษเพื่อการสื่อสารสากล', 2),
(12, 'วิชาภาษาและสื่อสาร', 2),
(13, 'การตลาดใหม่', 1);

-- --------------------------------------------------------

--
-- Table structure for table `sum_tort1`
--

CREATE TABLE `sum_tort1` (
  `sum_tor1id` int(11) NOT NULL,
  `tor_id` int(10) NOT NULL,
  `sum_weight` float(7,2) NOT NULL,
  `sum_weighted` float(7,2) NOT NULL,
  `sum_tort1` float(7,2) NOT NULL
) ENGINE=InnoDB DEFAULT CHARSET=utf8 COLLATE=utf8_unicode_ci;

-- --------------------------------------------------------

--
-- Table structure for table `sum_tort2`
--

CREATE TABLE `sum_tort2` (
  `sum_tor2id` int(10) NOT NULL,
  `tor_id` int(10) NOT NULL,
  `sum_tor2sum` decimal(7,2) NOT NULL,
  `sum_tor2asum` decimal(7,2) NOT NULL
) ENGINE=InnoDB DEFAULT CHARSET=latin1;

-- --------------------------------------------------------

--
-- Table structure for table `sum_tort3`
--

CREATE TABLE `sum_tort3` (
  `tort3_id` int(10) NOT NULL,
  `tor_id` int(10) NOT NULL,
  `tort3_sum` decimal(7,2) NOT NULL
) ENGINE=InnoDB DEFAULT CHARSET=latin1;

-- --------------------------------------------------------

--
-- Table structure for table `tor`
--

CREATE TABLE `tor` (
  `tor_id` int(10) NOT NULL,
  `gen_id` int(10) NOT NULL,
  `tor_year` smallint(6) NOT NULL,
  `tor_nameRe` varchar(255) COLLATE utf8_unicode_ci NOT NULL,
  `tor_pos` tinyint(2) NOT NULL,
  `tor_department` varchar(255) COLLATE utf8_unicode_ci NOT NULL,
  `tor_leader` varchar(255) COLLATE utf8_unicode_ci NOT NULL,
  `tor_leader_pos` tinyint(2) NOT NULL,
  `tor_aca` tinyint(2) NOT NULL,
  `tor_salary` float(7,2) NOT NULL,
  `tor_acdCode` char(20) COLLATE utf8_unicode_ci NOT NULL,
  `tor_affiliation` varchar(255) COLLATE utf8_unicode_ci NOT NULL,
  `tor_leves` varchar(255) COLLATE utf8_unicode_ci NOT NULL,
  `tor_startWork` date NOT NULL,
  `tor_sumWork` varchar(100) COLLATE utf8_unicode_ci NOT NULL,
  `inspector` varchar(255) COLLATE utf8_unicode_ci NOT NULL,
  `tor_punishment` text COLLATE utf8_unicode_ci NOT NULL
) ENGINE=InnoDB DEFAULT CHARSET=utf8 COLLATE=utf8_unicode_ci;

-- --------------------------------------------------------

--
-- Table structure for table `tort1`
--

CREATE TABLE `tort1` (
  `tort1_id` int(10) NOT NULL,
  `tor_id` int(10) NOT NULL,
  `title_name` tinyint(2) NOT NULL,
  `tort1_Indicat` text COLLATE utf8_unicode_ci NOT NULL,
  `tort1_goal` tinyint(1) NOT NULL,
  `tort1_score` float(7,2) NOT NULL,
  `tort1_weight` float(7,2) NOT NULL,
  `tort1_weighted` float(7,2) NOT NULL
) ENGINE=InnoDB DEFAULT CHARSET=utf8 COLLATE=utf8_unicode_ci;

-- --------------------------------------------------------

--
-- Table structure for table `tort1pre`
--

CREATE TABLE `tort1pre` (
  `tort1_id` int(10) NOT NULL,
  `tor_id` int(10) NOT NULL,
  `title_name` tinyint(2) NOT NULL,
  `tort1_Indicat` text COLLATE utf8_unicode_ci NOT NULL,
  `tort1_goal` tinyint(1) NOT NULL,
  `tort1_score` float(7,2) NOT NULL,
  `tort1_weight` float(7,2) NOT NULL,
  `tort1_weighted` float(7,2) NOT NULL
) ENGINE=InnoDB DEFAULT CHARSET=utf8 COLLATE=utf8_unicode_ci;

--
-- Dumping data for table `tort1pre`
--

INSERT INTO `tort1pre` (`tort1_id`, `tor_id`, `title_name`, `tort1_Indicat`, `tort1_goal`, `tort1_score`, `tort1_weight`, `tort1_weighted`) VALUES
(27, 62101572, 1, '', 5, 5.00, 60.00, 3.00),
(28, 62101572, 2, '', 5, 5.00, 0.00, 0.00),
(29, 62101572, 3, '', 5, 5.00, 10.00, 0.50),
(30, 62101572, 4, '', 5, 5.00, 10.00, 0.50),
(31, 62101572, 5, '', 5, 5.00, 20.00, 1.00);

-- --------------------------------------------------------

--
-- Table structure for table `tort2`
--

CREATE TABLE `tort2` (
  `tort2_id` int(11) NOT NULL,
  `tor_id` int(10) NOT NULL,
  `tort2_sub_id` smallint(6) NOT NULL,
  `tort2_goal` float(7,2) NOT NULL,
  `tort2_score` float(7,2) NOT NULL
) ENGINE=InnoDB DEFAULT CHARSET=utf8 COLLATE=utf8_unicode_ci;

-- --------------------------------------------------------

--
-- Table structure for table `tort2_exp`
--

CREATE TABLE `tort2_exp` (
  `exp_id` int(11) NOT NULL,
  `aca_id` tinyint(2) NOT NULL,
  `tort2_subtit` smallint(6) NOT NULL,
  `exp_score` tinyint(1) NOT NULL
) ENGINE=InnoDB DEFAULT CHARSET=utf8 COLLATE=utf8_unicode_ci;

--
-- Dumping data for table `tort2_exp`
--

INSERT INTO `tort2_exp` (`exp_id`, `aca_id`, `tort2_subtit`, `exp_score`) VALUES
(1, 1, 1, 3),
(2, 1, 2, 3),
(3, 1, 3, 3),
(4, 1, 4, 3),
(5, 1, 5, 3),
(6, 1, 6, 3),
(7, 1, 7, 3),
(8, 1, 8, 3),
(9, 1, 9, 3),
(10, 1, 10, 3),
(11, 1, 11, 0),
(12, 1, 12, 0),
(13, 1, 13, 0),
(14, 1, 14, 0),
(15, 1, 15, 0),
(16, 2, 1, 4),
(17, 2, 2, 4),
(18, 2, 3, 4),
(19, 2, 4, 4),
(20, 2, 5, 4),
(21, 2, 6, 4),
(22, 2, 7, 4),
(23, 2, 8, 4),
(24, 2, 9, 4),
(25, 2, 10, 4),
(26, 2, 11, 0),
(27, 2, 12, 0),
(28, 2, 13, 0),
(29, 2, 14, 0),
(30, 2, 15, 0),
(32, 3, 1, 4),
(33, 3, 2, 4),
(34, 3, 3, 4),
(35, 3, 4, 4),
(36, 3, 5, 4),
(37, 3, 6, 4),
(38, 3, 7, 4),
(39, 3, 8, 4),
(40, 3, 9, 4),
(41, 3, 10, 4),
(42, 3, 11, 0),
(43, 3, 12, 0),
(44, 3, 13, 0),
(45, 3, 14, 0),
(46, 3, 15, 0),
(47, 4, 1, 3),
(48, 4, 2, 3),
(49, 4, 3, 3),
(50, 4, 4, 3),
(51, 4, 5, 3),
(52, 4, 6, 3),
(53, 4, 7, 3),
(54, 4, 8, 3),
(55, 4, 9, 3),
(56, 4, 10, 3),
(57, 4, 11, 0),
(58, 4, 12, 0),
(59, 4, 13, 0),
(60, 4, 14, 0),
(61, 4, 15, 0);

-- --------------------------------------------------------

--
-- Table structure for table `tort2_skil`
--

CREATE TABLE `tort2_skil` (
  `tort2s_id` int(10) NOT NULL,
  `tort_id` int(10) NOT NULL,
  `tort2s_skil` int(2) NOT NULL,
  `tort2s_x` int(2) NOT NULL,
  `tort2s_score` double(7,2) NOT NULL
) ENGINE=InnoDB DEFAULT CHARSET=utf8 COLLATE=utf8_unicode_ci;

-- --------------------------------------------------------

--
-- Table structure for table `tort2_subtit`
--

CREATE TABLE `tort2_subtit` (
  `tort2_sub_id` smallint(6) NOT NULL,
  `tort2_tit_id` tinyint(1) NOT NULL,
  `tort2_name` varchar(255) COLLATE utf8_unicode_ci NOT NULL
) ENGINE=InnoDB DEFAULT CHARSET=utf8 COLLATE=utf8_unicode_ci;

--
-- Dumping data for table `tort2_subtit`
--

INSERT INTO `tort2_subtit` (`tort2_sub_id`, `tort2_tit_id`, `tort2_name`) VALUES
(1, 1, 'การมุ่งผลสัมฤทธิ์'),
(2, 1, 'บริการที่ดี'),
(3, 1, 'การสั่งสมความเชี่ยวชาญในงานอาชีพ'),
(4, 1, 'การยึดมั่นในความถูกต้องชอบธรรม  และจริยธรรม'),
(5, 1, 'การทำงานเป็นทีม'),
(6, 2, 'ทักษะการสอนและการให้คำปรึกษาแก่นักศึกษา'),
(7, 2, 'ทักษะด้านบริการวิชาการ การวิจัยและนวัตกรรม'),
(8, 2, 'ความรู้ความเชี่ยวชาญด้านวิชาการ'),
(9, 2, 'ความกระตือรือร้นและการเป็นแบบอย่างที่ดี'),
(10, 2, 'ทำนุบำรุงศิลปวัฒนธรรม'),
(11, 3, 'สภาวะผู้นำ'),
(12, 3, 'วิสัยทัศน์'),
(13, 3, 'ศักยภาพเพื่อนำการปรับเปลี่ยน'),
(14, 3, 'การสอนงานและการมอบหมายงาน\r\n'),
(15, 3, 'การควบคุมตนเอง');

-- --------------------------------------------------------

--
-- Table structure for table `tort2_title`
--

CREATE TABLE `tort2_title` (
  `tort2_til_id` tinyint(1) NOT NULL,
  `tort2_til_name` varchar(255) COLLATE utf8_unicode_ci NOT NULL
) ENGINE=InnoDB DEFAULT CHARSET=utf8 COLLATE=utf8_unicode_ci;

--
-- Dumping data for table `tort2_title`
--

INSERT INTO `tort2_title` (`tort2_til_id`, `tort2_til_name`) VALUES
(1, 'สมรรถนะหลัก(ที่สภามหาวิทยาลัยกำหนด)\r\n'),
(2, 'สมรรถนะเฉพาะตามลักษณะงานที่ปฏิบัติ(ที่สภามหาวิทยาลัยกำหนด)\r\n'),
(3, 'สมรรถนะทางการบริหาร(ที่สภามหาวิทยาลัยกำหนด)\r\n');

-- --------------------------------------------------------

--
-- Table structure for table `tort3`
--

CREATE TABLE `tort3` (
  `tort3_id` int(10) NOT NULL,
  `tor_id` int(10) NOT NULL,
  `tort3_name` varchar(255) COLLATE utf8_unicode_ci NOT NULL,
  `tort3_weignt` decimal(7,2) NOT NULL,
  `tort3_sum` decimal(7,2) NOT NULL
) ENGINE=InnoDB DEFAULT CHARSET=utf8 COLLATE=utf8_unicode_ci;

-- --------------------------------------------------------

--
-- Table structure for table `tort4`
--

CREATE TABLE `tort4` (
  `tort4_id` int(10) NOT NULL,
  `tor_id` int(10) NOT NULL,
  `tort4_know` varchar(255) CHARACTER SET utf8 COLLATE utf8_unicode_ci NOT NULL,
  `tort4_develop` varchar(255) CHARACTER SET utf8 COLLATE utf8_unicode_ci NOT NULL,
  `tort4_longtime` varchar(255) CHARACTER SET utf16 COLLATE utf16_unicode_ci NOT NULL
) ENGINE=InnoDB DEFAULT CHARSET=latin1;

-- --------------------------------------------------------

--
-- Table structure for table `tort5`
--

CREATE TABLE `tort5` (
  `tort5_id` int(10) NOT NULL,
  `tor_id` int(10) NOT NULL,
  `tot5_accept` tinyint(1) NOT NULL,
  `tort5_sent` tinyint(1) NOT NULL,
  `tort5_Nreport` varchar(255) CHARACTER SET utf8 COLLATE utf8_unicode_ci NOT NULL,
  `tort5_datereport` date NOT NULL,
  `tort5_datewitn` date NOT NULL,
  `tort5_assessor` varchar(255) CHARACTER SET utf8 COLLATE utf8_unicode_ci NOT NULL,
  `tort5_date` date NOT NULL
) ENGINE=InnoDB DEFAULT CHARSET=latin1;

-- --------------------------------------------------------

--
-- Table structure for table `weights`
--

CREATE TABLE `weights` (
  `w_id` int(2) NOT NULL,
  `aca_id` tinyint(2) NOT NULL,
  `tit` tinyint(2) NOT NULL,
  `weights` int(3) NOT NULL
) ENGINE=InnoDB DEFAULT CHARSET=utf32 COLLATE=utf32_unicode_ci;

--
-- Dumping data for table `weights`
--

INSERT INTO `weights` (`w_id`, `aca_id`, `tit`, `weights`) VALUES
(1, 1, 1, 60),
(2, 1, 2, 0),
(3, 1, 3, 10),
(4, 1, 4, 10),
(5, 1, 5, 20),
(6, 3, 1, 50),
(7, 3, 2, 10),
(8, 3, 3, 10),
(9, 3, 4, 10),
(10, 3, 5, 20),
(11, 2, 1, 40),
(12, 2, 2, 20),
(13, 2, 3, 10),
(14, 2, 4, 10),
(15, 2, 5, 20),
(16, 4, 1, 30),
(17, 4, 2, 30),
(18, 4, 3, 10),
(19, 4, 4, 10),
(20, 4, 5, 20);

-- --------------------------------------------------------

--
-- Table structure for table `years`
--

CREATE TABLE `years` (
  `y_id` smallint(6) NOT NULL,
  `y_year` year(4) NOT NULL,
  `y_no` tinyint(1) NOT NULL,
  `y_start` date NOT NULL,
  `y_end` date NOT NULL
) ENGINE=InnoDB DEFAULT CHARSET=utf8 COLLATE=utf8_unicode_ci;

--
-- Dumping data for table `years`
--

INSERT INTO `years` (`y_id`, `y_year`, `y_no`, `y_start`, `y_end`) VALUES
(25611, 2018, 1, '2018-10-01', '2019-03-31'),
(25612, 2018, 2, '2019-04-01', '2020-09-30'),
(25621, 2019, 1, '2019-10-01', '2020-03-31');

--
-- Indexes for dumped tables
--

--
-- Indexes for table `academic`
--
ALTER TABLE `academic`
  ADD PRIMARY KEY (`aca_id`);

--
-- Indexes for table `branch`
--
ALTER TABLE `branch`
  ADD PRIMARY KEY (`branch_id`);

--
-- Indexes for table `conditions`
--
ALTER TABLE `conditions`
  ADD PRIMARY KEY (`con_id`),
  ADD KEY `aca_id` (`aca_id`),
  ADD KEY `e_name` (`e_name`);

--
-- Indexes for table `degree`
--
ALTER TABLE `degree`
  ADD PRIMARY KEY (`degree_id`),
  ADD UNIQUE KEY `degree_id` (`degree_id`);

--
-- Indexes for table `education`
--
ALTER TABLE `education`
  ADD PRIMARY KEY (`ed_id`),
  ADD KEY `degree_id` (`degree_id`),
  ADD KEY `gen_id` (`gen_id`);

--
-- Indexes for table `general`
--
ALTER TABLE `general`
  ADD PRIMARY KEY (`gen_id`),
  ADD KEY `gen_pos` (`gen_pos`),
  ADD KEY `gen_acadeic` (`gen_acadeic`),
  ADD KEY `branch_id` (`branch_id`),
  ADD KEY `subject_id` (`subject_id`),
  ADD KEY `permiss_id` (`permiss_id`);

--
-- Indexes for table `idlel`
--
ALTER TABLE `idlel`
  ADD PRIMARY KEY (`idl_id`),
  ADD KEY `idl_type` (`idl_type`),
  ADD KEY `year_id` (`year_id`),
  ADD KEY `gen_id` (`gen_id`);

--
-- Indexes for table `idlel_type`
--
ALTER TABLE `idlel_type`
  ADD PRIMARY KEY (`idl_type_id`);

--
-- Indexes for table `permissions`
--
ALTER TABLE `permissions`
  ADD PRIMARY KEY (`permiss_id`);

--
-- Indexes for table `position`
--
ALTER TABLE `position`
  ADD PRIMARY KEY (`pos_id`);

--
-- Indexes for table `subjects`
--
ALTER TABLE `subjects`
  ADD PRIMARY KEY (`subject_id`),
  ADD KEY `branch_id` (`branch_id`);

--
-- Indexes for table `sum_tort1`
--
ALTER TABLE `sum_tort1`
  ADD PRIMARY KEY (`sum_tor1id`),
  ADD KEY `tort_id` (`tor_id`);

--
-- Indexes for table `sum_tort2`
--
ALTER TABLE `sum_tort2`
  ADD PRIMARY KEY (`sum_tor2id`),
  ADD KEY `tor_id` (`tor_id`);

--
-- Indexes for table `sum_tort3`
--
ALTER TABLE `sum_tort3`
  ADD PRIMARY KEY (`tort3_id`),
  ADD KEY `tor_id` (`tor_id`);

--
-- Indexes for table `tor`
--
ALTER TABLE `tor`
  ADD PRIMARY KEY (`tor_id`),
  ADD KEY `tor_year` (`tor_year`),
  ADD KEY `tor_aca` (`tor_aca`),
  ADD KEY `tor_pos` (`tor_pos`),
  ADD KEY `tor_leader_pos` (`tor_leader_pos`),
  ADD KEY `gen_id` (`gen_id`);

--
-- Indexes for table `tort1`
--
ALTER TABLE `tort1`
  ADD PRIMARY KEY (`tort1_id`),
  ADD KEY `tor_id` (`tor_id`);

--
-- Indexes for table `tort1pre`
--
ALTER TABLE `tort1pre`
  ADD PRIMARY KEY (`tort1_id`),
  ADD KEY `tor_id` (`tor_id`);

--
-- Indexes for table `tort2`
--
ALTER TABLE `tort2`
  ADD PRIMARY KEY (`tort2_id`),
  ADD KEY `tor_id` (`tor_id`),
  ADD KEY `tort2_sub_id` (`tort2_sub_id`);

--
-- Indexes for table `tort2_exp`
--
ALTER TABLE `tort2_exp`
  ADD PRIMARY KEY (`exp_id`),
  ADD KEY `aca_id` (`aca_id`),
  ADD KEY `tort2_subtit` (`tort2_subtit`);

--
-- Indexes for table `tort2_skil`
--
ALTER TABLE `tort2_skil`
  ADD PRIMARY KEY (`tort2s_id`),
  ADD KEY `tort_id` (`tort_id`);

--
-- Indexes for table `tort2_subtit`
--
ALTER TABLE `tort2_subtit`
  ADD PRIMARY KEY (`tort2_sub_id`),
  ADD KEY `tort2_tit_id` (`tort2_tit_id`);

--
-- Indexes for table `tort2_title`
--
ALTER TABLE `tort2_title`
  ADD PRIMARY KEY (`tort2_til_id`);

--
-- Indexes for table `tort3`
--
ALTER TABLE `tort3`
  ADD PRIMARY KEY (`tort3_id`),
  ADD KEY `tor_id` (`tor_id`);

--
-- Indexes for table `tort4`
--
ALTER TABLE `tort4`
  ADD PRIMARY KEY (`tort4_id`),
  ADD KEY `tort4_ibfk_1` (`tor_id`);

--
-- Indexes for table `years`
--
ALTER TABLE `years`
  ADD PRIMARY KEY (`y_id`);

--
-- AUTO_INCREMENT for dumped tables
--

--
-- AUTO_INCREMENT for table `degree`
--
ALTER TABLE `degree`
  MODIFY `degree_id` tinyint(1) NOT NULL AUTO_INCREMENT, AUTO_INCREMENT=4;

--
-- AUTO_INCREMENT for table `education`
--
ALTER TABLE `education`
  MODIFY `ed_id` int(10) NOT NULL AUTO_INCREMENT, AUTO_INCREMENT=45;

--
-- AUTO_INCREMENT for table `general`
--
ALTER TABLE `general`
  MODIFY `gen_id` int(10) NOT NULL AUTO_INCREMENT, AUTO_INCREMENT=1000000002;

--
-- AUTO_INCREMENT for table `idlel`
--
ALTER TABLE `idlel`
  MODIFY `idl_id` int(10) NOT NULL AUTO_INCREMENT, AUTO_INCREMENT=100;

--
-- AUTO_INCREMENT for table `subjects`
--
ALTER TABLE `subjects`
  MODIFY `subject_id` tinyint(2) NOT NULL AUTO_INCREMENT, AUTO_INCREMENT=14;

--
-- AUTO_INCREMENT for table `sum_tort1`
--
ALTER TABLE `sum_tort1`
  MODIFY `sum_tor1id` int(11) NOT NULL AUTO_INCREMENT, AUTO_INCREMENT=14;

--
-- AUTO_INCREMENT for table `sum_tort2`
--
ALTER TABLE `sum_tort2`
  MODIFY `sum_tor2id` int(10) NOT NULL AUTO_INCREMENT, AUTO_INCREMENT=13;

--
-- AUTO_INCREMENT for table `sum_tort3`
--
ALTER TABLE `sum_tort3`
  MODIFY `tort3_id` int(10) NOT NULL AUTO_INCREMENT, AUTO_INCREMENT=8;

--
-- AUTO_INCREMENT for table `tort1`
--
ALTER TABLE `tort1`
  MODIFY `tort1_id` int(10) NOT NULL AUTO_INCREMENT, AUTO_INCREMENT=67;

--
-- AUTO_INCREMENT for table `tort1pre`
--
ALTER TABLE `tort1pre`
  MODIFY `tort1_id` int(10) NOT NULL AUTO_INCREMENT, AUTO_INCREMENT=32;

--
-- AUTO_INCREMENT for table `tort2`
--
ALTER TABLE `tort2`
  MODIFY `tort2_id` int(11) NOT NULL AUTO_INCREMENT, AUTO_INCREMENT=170;

--
-- AUTO_INCREMENT for table `tort2_skil`
--
ALTER TABLE `tort2_skil`
  MODIFY `tort2s_id` int(10) NOT NULL AUTO_INCREMENT, AUTO_INCREMENT=49;

--
-- AUTO_INCREMENT for table `tort3`
--
ALTER TABLE `tort3`
  MODIFY `tort3_id` int(10) NOT NULL AUTO_INCREMENT, AUTO_INCREMENT=25;

--
-- AUTO_INCREMENT for table `tort4`
--
ALTER TABLE `tort4`
  MODIFY `tort4_id` int(10) NOT NULL AUTO_INCREMENT, AUTO_INCREMENT=5;

--
-- Constraints for dumped tables
--

--
-- Constraints for table `education`
--
ALTER TABLE `education`
  ADD CONSTRAINT `education_ibfk_1` FOREIGN KEY (`degree_id`) REFERENCES `degree` (`degree_id`) ON DELETE CASCADE ON UPDATE CASCADE,
  ADD CONSTRAINT `education_ibfk_2` FOREIGN KEY (`gen_id`) REFERENCES `general` (`gen_id`) ON DELETE CASCADE ON UPDATE CASCADE;

--
-- Constraints for table `general`
--
ALTER TABLE `general`
  ADD CONSTRAINT `general_ibfk_1` FOREIGN KEY (`branch_id`) REFERENCES `branch` (`branch_id`) ON DELETE CASCADE ON UPDATE CASCADE,
  ADD CONSTRAINT `general_ibfk_2` FOREIGN KEY (`gen_acadeic`) REFERENCES `academic` (`aca_id`) ON DELETE CASCADE ON UPDATE CASCADE,
  ADD CONSTRAINT `general_ibfk_3` FOREIGN KEY (`gen_pos`) REFERENCES `position` (`pos_id`) ON DELETE CASCADE ON UPDATE CASCADE,
  ADD CONSTRAINT `general_ibfk_4` FOREIGN KEY (`permiss_id`) REFERENCES `permissions` (`permiss_id`) ON DELETE CASCADE ON UPDATE CASCADE;

--
-- Constraints for table `idlel`
--
ALTER TABLE `idlel`
  ADD CONSTRAINT `idlel_ibfk_1` FOREIGN KEY (`idl_type`) REFERENCES `idlel_type` (`idl_type_id`) ON DELETE CASCADE ON UPDATE CASCADE,
  ADD CONSTRAINT `idlel_ibfk_2` FOREIGN KEY (`year_id`) REFERENCES `years` (`y_id`) ON DELETE CASCADE ON UPDATE CASCADE,
  ADD CONSTRAINT `idlel_ibfk_3` FOREIGN KEY (`gen_id`) REFERENCES `general` (`gen_id`) ON DELETE CASCADE ON UPDATE CASCADE;

--
-- Constraints for table `subjects`
--
ALTER TABLE `subjects`
  ADD CONSTRAINT `subjects_ibfk_1` FOREIGN KEY (`branch_id`) REFERENCES `branch` (`branch_id`) ON DELETE CASCADE ON UPDATE CASCADE;

--
-- Constraints for table `sum_tort1`
--
ALTER TABLE `sum_tort1`
  ADD CONSTRAINT `sum_tort1_ibfk_1` FOREIGN KEY (`tor_id`) REFERENCES `tor` (`tor_id`) ON DELETE CASCADE ON UPDATE CASCADE;

--
-- Constraints for table `sum_tort2`
--
ALTER TABLE `sum_tort2`
  ADD CONSTRAINT `sum_tort2_ibfk_1` FOREIGN KEY (`tor_id`) REFERENCES `tor` (`tor_id`) ON DELETE CASCADE ON UPDATE CASCADE;

--
-- Constraints for table `sum_tort3`
--
ALTER TABLE `sum_tort3`
  ADD CONSTRAINT `sum_tort3_ibfk_1` FOREIGN KEY (`tor_id`) REFERENCES `tor` (`tor_id`) ON DELETE CASCADE ON UPDATE CASCADE;

--
-- Constraints for table `tor`
--
ALTER TABLE `tor`
  ADD CONSTRAINT `tor_ibfk_1` FOREIGN KEY (`tor_year`) REFERENCES `years` (`y_id`) ON DELETE CASCADE ON UPDATE CASCADE,
  ADD CONSTRAINT `tor_ibfk_2` FOREIGN KEY (`tor_aca`) REFERENCES `academic` (`aca_id`) ON DELETE CASCADE ON UPDATE CASCADE,
  ADD CONSTRAINT `tor_ibfk_3` FOREIGN KEY (`tor_pos`) REFERENCES `position` (`pos_id`) ON DELETE CASCADE ON UPDATE CASCADE,
  ADD CONSTRAINT `tor_ibfk_4` FOREIGN KEY (`tor_leader_pos`) REFERENCES `position` (`pos_id`) ON DELETE CASCADE ON UPDATE CASCADE,
  ADD CONSTRAINT `tor_ibfk_5` FOREIGN KEY (`gen_id`) REFERENCES `general` (`gen_id`) ON DELETE CASCADE ON UPDATE CASCADE;

--
-- Constraints for table `tort1`
--
ALTER TABLE `tort1`
  ADD CONSTRAINT `tort1_ibfk_1` FOREIGN KEY (`tor_id`) REFERENCES `tor` (`tor_id`) ON DELETE CASCADE ON UPDATE CASCADE;

--
-- Constraints for table `tort2`
--
ALTER TABLE `tort2`
  ADD CONSTRAINT `tort2_ibfk_1` FOREIGN KEY (`tor_id`) REFERENCES `tor` (`tor_id`) ON DELETE CASCADE ON UPDATE CASCADE,
  ADD CONSTRAINT `tort2_ibfk_2` FOREIGN KEY (`tort2_sub_id`) REFERENCES `tort2_subtit` (`tort2_sub_id`) ON DELETE CASCADE ON UPDATE CASCADE;

--
-- Constraints for table `tort2_exp`
--
ALTER TABLE `tort2_exp`
  ADD CONSTRAINT `tort2_exp_ibfk_1` FOREIGN KEY (`aca_id`) REFERENCES `academic` (`aca_id`) ON DELETE CASCADE ON UPDATE CASCADE,
  ADD CONSTRAINT `tort2_exp_ibfk_2` FOREIGN KEY (`tort2_subtit`) REFERENCES `tort2_subtit` (`tort2_sub_id`) ON DELETE CASCADE ON UPDATE CASCADE;

--
-- Constraints for table `tort2_skil`
--
ALTER TABLE `tort2_skil`
  ADD CONSTRAINT `tort2_skil_ibfk_1` FOREIGN KEY (`tort_id`) REFERENCES `tor` (`tor_id`) ON DELETE CASCADE ON UPDATE CASCADE;

--
-- Constraints for table `tort2_subtit`
--
ALTER TABLE `tort2_subtit`
  ADD CONSTRAINT `tort2_subtit_ibfk_1` FOREIGN KEY (`tort2_tit_id`) REFERENCES `tort2_title` (`tort2_til_id`) ON DELETE CASCADE ON UPDATE CASCADE;

--
-- Constraints for table `tort3`
--
ALTER TABLE `tort3`
  ADD CONSTRAINT `tort3_ibfk_1` FOREIGN KEY (`tor_id`) REFERENCES `tor` (`tor_id`) ON DELETE CASCADE ON UPDATE CASCADE;

--
-- Constraints for table `tort4`
--
ALTER TABLE `tort4`
  ADD CONSTRAINT `tort4_ibfk_1` FOREIGN KEY (`tor_id`) REFERENCES `tor` (`tor_id`) ON DELETE CASCADE ON UPDATE CASCADE;
COMMIT;

/*!40101 SET CHARACTER_SET_CLIENT=@OLD_CHARACTER_SET_CLIENT */;
/*!40101 SET CHARACTER_SET_RESULTS=@OLD_CHARACTER_SET_RESULTS */;
/*!40101 SET COLLATION_CONNECTION=@OLD_COLLATION_CONNECTION */;
